日期,中獎號碼,特別號
2019/04/26,"08, 24, 29, 37, 44, 48",06
2019/04/23,"08, 14, 16, 18, 30, 35",36
2019/04/19,"04, 11, 24, 29, 32, 45",49
2019/04/16,"01, 14, 23, 36, 39, 41",04
2019/04/12,"12, 26, 32, 34, 45, 46",14
2019/04/09,"10, 36, 37, 44, 45, 46",48
2019/04/05,"11, 28, 29, 38, 43, 49",22
2019/04/02,"05, 28, 38, 40, 41, 47",25
2019/03/29,"01, 03, 12, 16, 29, 49",04
2019/03/26,"06, 13, 14, 19, 24, 38",26
2019/03/22,"01, 12, 16, 37, 41, 47",36
2019/03/19,"07, 16, 17, 36, 47, 48",49
2019/03/15,"05, 10, 12, 20, 28, 36",15
2019/03/12,"05, 07, 22, 37, 40, 45",12
2019/03/08,"03, 11, 15, 25, 31, 48",36
2019/03/05,"12, 13, 16, 21, 42, 43",39
2019/03/01,"01, 08, 14, 27, 40, 45",34
2019/02/26,"06, 17, 22, 34, 38, 42",20
2019/02/22,"06, 20, 22, 43, 45, 48",11
2019/02/19,"01, 03, 04, 24, 32, 43",37
2019/02/15,"01, 03, 40, 44, 46, 48",02
2019/02/12,"11, 16, 19, 29, 30, 45",01
2019/02/10,"05, 08, 14, 19, 22, 47",24
2019/02/09,"06, 08, 18, 19, 20, 30",22
2019/02/08,"08, 13, 14, 32, 36, 42",05
2019/02/07,"07, 21, 29, 33, 40, 41",08
2019/02/06,"17, 23, 28, 29, 32, 39",12
2019/02/05,"13, 18, 30, 34, 45, 49",33
2019/02/04,"06, 08, 24, 32, 34, 36",49
2019/02/03,"12, 24, 28, 36, 37, 40",06
2019/02/02,"02, 07, 22, 35, 46, 49",41
2019/02/01,"10, 17, 20, 21, 32, 41",34
2019/01/29,"14, 20, 24, 30, 44, 48",31
2019/01/25,"03, 10, 14, 15, 20, 45",02
2019/01/22,"02, 20, 36, 37, 42, 46",29
2019/01/18,"04, 05, 10, 30, 39, 45",14
2019/01/15,"12, 20, 30, 38, 40, 41",10
2019/01/11,"13, 20, 22, 31, 34, 42",09
2019/01/08,"04, 19, 21, 28, 39, 43",18
2019/01/04,"06, 07, 08, 20, 47, 48",30
2019/01/01,"18, 23, 24, 25, 39, 42",48
2018/12/28,"07, 11, 19, 23, 35, 44",33
2018/12/25,"07, 26, 27, 28, 30, 32",44
2018/12/21,"05, 19, 21, 34, 41, 49",42
2018/12/18,"05, 08, 11, 15, 33, 37",03
2018/12/14,"06, 09, 14, 19, 38, 49",20
2018/12/11,"07, 12, 15, 21, 27, 47",48
2018/12/07,"11, 20, 29, 33, 34, 36",18
2018/12/04,"03, 06, 12, 16, 17, 20",14
2018/11/30,"05, 14, 20, 27, 29, 45",07
2018/11/27,"27, 33, 36, 41, 43, 44",31
2018/11/23,"07, 20, 21, 34, 37, 43",05
2018/11/20,"04, 31, 34, 36, 40, 44",20
2018/11/16,"07, 11, 23, 30, 38, 49",45
2018/11/13,"07, 21, 35, 36, 42, 43",10
2018/11/09,"04, 12, 14, 15, 22, 48",28
2018/11/06,"02, 05, 26, 29, 38, 39",07
2018/11/02,"05, 16, 18, 32, 41, 47",02
2018/10/30,"03, 09, 28, 32, 39, 47",07
2018/10/26,"08, 10, 23, 33, 41, 46",48
2018/10/23,"06, 09, 13, 20, 42, 43",21
2018/10/19,"07, 18, 20, 32, 42, 49",24
2018/10/16,"01, 24, 39, 40, 46, 49",33
2018/10/12,"04, 06, 07, 12, 20, 21",29
2018/10/09,"08, 13, 16, 23, 35, 41",21
2018/10/05,"03, 09, 10, 42, 44, 47",05
2018/10/02,"02, 08, 16, 33, 42, 47",14
2018/09/28,"01, 02, 07, 20, 27, 37",19
2018/09/25,"19, 25, 27, 39, 40, 46",06
2018/09/21,"03, 05, 10, 11, 29, 45",25
2018/09/18,"11, 23, 34, 36, 41, 45",43
2018/09/14,"19, 29, 36, 37, 45, 46",18
2018/09/11,"14, 16, 18, 23, 25, 44",41
2018/09/07,"02, 08, 14, 21, 37, 44",49
2018/09/04,"04, 06, 10, 15, 42, 49",12
2018/08/31,"12, 15, 34, 37, 43, 46",38
2018/08/28,"08, 10, 11, 39, 42, 44",27
2018/08/24,"03, 07, 09, 31, 39, 45",35
2018/08/21,"08, 12, 17, 28, 31, 34",01
2018/08/17,"03, 14, 19, 21, 35, 48",13
2018/08/14,"15, 16, 17, 25, 34, 49",05
2018/08/10,"05, 07, 16, 18, 36, 48",37
2018/08/07,"12, 13, 19, 25, 30, 46",05
2018/08/03,"04, 06, 30, 35, 40, 43",13
2018/07/31,"15, 20, 22, 31, 35, 37",14
2018/07/27,"05, 12, 17, 19, 35, 48",09
2018/07/24,"24, 25, 29, 32, 42, 49",12
2018/07/20,"09, 12, 13, 24, 39, 45",38
2018/07/17,"11, 20, 26, 34, 41, 43",09
2018/07/13,"02, 14, 21, 31, 42, 46",04
2018/07/10,"09, 11, 21, 24, 39, 43",07
2018/07/06,"02, 03, 21, 28, 32, 47",27
2018/07/03,"09, 11, 20, 31, 34, 44",10
2018/06/29,"04, 13, 27, 30, 37, 41",20
2018/06/26,"05, 09, 11, 23, 37, 44",24
2018/06/22,"06, 07, 11, 25, 26, 30",31
2018/06/19,"08, 09, 28, 34, 37, 42",15
2018/06/15,"16, 25, 28, 30, 44, 46",27
2018/06/12,"02, 03, 14, 15, 35, 37",29
2018/06/08,"02, 09, 17, 31, 32, 40",47
2018/06/05,"02, 17, 22, 25, 26, 41",16
2018/06/01,"16, 26, 28, 33, 42, 49",20
2018/05/29,"11, 14, 20, 26, 37, 41",02
2018/05/25,"01, 06, 22, 24, 32, 42",16
2018/05/22,"02, 13, 24, 29, 41, 49",45
2018/05/18,"01, 11, 36, 38, 41, 42",48
2018/05/15,"02, 12, 13, 16, 32, 43",24
2018/05/11,"04, 11, 25, 35, 37, 48",36
2018/05/08,"03, 08, 21, 22, 37, 41",46
2018/05/04,"10, 22, 30, 33, 36, 47",43
2018/05/01,"08, 29, 33, 34, 46, 49",19
2018/04/27,"04, 25, 26, 27, 30, 48",11
2018/04/24,"09, 10, 19, 21, 35, 36",49
2018/04/20,"10, 14, 32, 33, 35, 46",43
2018/04/17,"07, 16, 31, 38, 40, 41",39
2018/04/13,"01, 12, 25, 28, 40, 46",39
2018/04/10,"07, 27, 32, 34, 41, 47",09
2018/04/06,"07, 25, 31, 34, 47, 49",26
2018/04/03,"01, 07, 22, 32, 34, 36",08
2018/03/30,"01, 05, 13, 43, 44, 47",25
2018/03/27,"13, 15, 24, 30, 38, 40",44
2018/03/23,"04, 09, 13, 32, 34, 41",42
2018/03/20,"08, 09, 23, 30, 37, 41",31
2018/03/16,"03, 14, 16, 17, 43, 46",04
2018/03/13,"14, 20, 22, 27, 28, 38",19
2018/03/09,"12, 15, 18, 27, 30, 38",19
2018/03/06,"09, 11, 13, 17, 38, 42",29
2018/03/02,"01, 12, 17, 25, 31, 48",21
2018/02/27,"01, 03, 18, 23, 28, 44",10
2018/02/23,"03, 07, 15, 16, 18, 41",42
2018/02/20,"12, 33, 34, 38, 40, 46",07
2018/02/19,"07, 09, 19, 22, 36, 49",29
2018/02/18,"07, 08, 20, 28, 34, 46",10
2018/02/17,"03, 05, 17, 32, 33, 47",36
2018/02/16,"04, 07, 23, 24, 27, 41",17
2018/02/15,"07, 21, 22, 37, 41, 48",15
2018/02/13,"04, 10, 19, 26, 35, 45",38
2018/02/09,"12, 17, 20, 21, 30, 45",09
2018/02/06,"06, 10, 24, 27, 41, 43",49
2018/02/02,"01, 02, 10, 11, 26, 43",40
2018/01/30,"07, 08, 15, 23, 31, 36",30
2018/01/26,"07, 23, 32, 34, 43, 47",24
2018/01/23,"02, 12, 26, 28, 33, 34",44
2018/01/19,"02, 13, 16, 22, 26, 48",39
2018/01/16,"08, 26, 29, 32, 36, 39",23
2018/01/12,"01, 07, 14, 22, 40, 45",29
2018/01/09,"02, 10, 22, 23, 24, 37",42
2018/01/05,"04, 13, 17, 29, 31, 44",14
2018/01/02,"02, 06, 12, 18, 36, 46",47
2017/12/29,"11, 12, 15, 20, 27, 47",36
2017/12/26,"07, 08, 10, 20, 24, 27",19
2017/12/22,"12, 18, 20, 21, 31, 37",24
2017/12/19,"03, 14, 18, 31, 41, 42",02
2017/12/15,"17, 19, 24, 27, 31, 37",08
2017/12/12,"16, 19, 28, 37, 38, 41",10
2017/12/08,"01, 05, 08, 10, 34, 35",46
2017/12/05,"01, 12, 13, 37, 41, 43",49
2017/12/01,"02, 03, 05, 28, 42, 48",09
2017/11/28,"09, 14, 17, 19, 46, 47",29
2017/11/24,"04, 08, 10, 14, 41, 45",38
2017/11/21,"04, 23, 25, 28, 39, 43",41
2017/11/17,"02, 14, 19, 28, 39, 46",45
2017/11/14,"05, 15, 24, 25, 44, 47",45
2017/11/10,"10, 15, 24, 26, 29, 35",12
2017/11/07,"05, 06, 12, 22, 30, 48",41
2017/11/03,"08, 20, 23, 33, 36, 43",02
2017/10/31,"04, 25, 31, 36, 39, 46",02
2017/10/27,"02, 11, 17, 22, 38, 40",41
2017/10/24,"02, 03, 05, 14, 16, 29",32
2017/10/20,"03, 08, 18, 19, 26, 42",17
2017/10/17,"01, 03, 06, 11, 19, 27",05
2017/10/13,"05, 08, 23, 34, 44, 46",16
2017/10/10,"06, 28, 29, 30, 31, 39",33
2017/10/06,"04, 28, 32, 37, 41, 45",47
2017/10/03,"15, 18, 25, 30, 33, 44",38
2017/09/29,"03, 14, 16, 21, 33, 36",20
2017/09/26,"10, 11, 14, 19, 22, 38",42
2017/09/22,"18, 35, 39, 43, 47, 49",44
2017/09/19,"02, 12, 15, 18, 37, 40",39
2017/09/15,"03, 08, 11, 16, 33, 37",35
2017/09/12,"07, 23, 29, 36, 45, 49",14
2017/09/08,"08, 13, 15, 19, 29, 42",25
2017/09/05,"13, 17, 23, 27, 33, 41",02
2017/09/01,"05, 11, 14, 16, 36, 40",46
2017/08/29,"05, 18, 25, 31, 48, 49",44
2017/08/25,"01, 04, 19, 24, 28, 31",49
2017/08/22,"04, 10, 13, 36, 44, 45",05
2017/08/18,"07, 10, 12, 35, 38, 47",23
2017/08/15,"13, 16, 27, 28, 33, 42",11
2017/08/11,"02, 08, 09, 18, 27, 37",33
2017/08/08,"06, 09, 23, 27, 34, 46",20
2017/08/04,"15, 16, 26, 27, 39, 45",37
2017/08/01,"02, 12, 21, 30, 42, 47",31
2017/07/28,"11, 13, 18, 22, 38, 39",03
2017/07/25,"02, 11, 23, 30, 33, 42",07
2017/07/21,"02, 12, 24, 32, 42, 47",29
2017/07/18,"13, 14, 21, 29, 42, 48",11
2017/07/14,"16, 18, 19, 25, 26, 32",22
2017/07/11,"06, 16, 19, 23, 33, 39",07
2017/07/07,"18, 30, 40, 42, 44, 49",08
2017/07/04,"04, 21, 27, 28, 30, 35",42
2017/06/30,"08, 12, 22, 30, 32, 36",06
2017/06/27,"11, 33, 34, 46, 47, 49",38
2017/06/23,"02, 08, 12, 34, 41, 42",07
2017/06/20,"01, 12, 29, 30, 33, 44",19
2017/06/16,"01, 15, 21, 26, 36, 45",10
2017/06/13,"02, 04, 17, 22, 36, 43",40
2017/06/09,"24, 26, 31, 32, 37, 46",01
2017/06/06,"14, 16, 25, 32, 36, 48",12
2017/06/02,"03, 07, 08, 23, 30, 31",32
2017/05/30,"07, 14, 19, 30, 31, 39",40
2017/05/26,"08, 14, 16, 19, 21, 35",20
2017/05/23,"02, 10, 15, 22, 26, 32",42
2017/05/19,"15, 16, 21, 23, 28, 46",14
2017/05/16,"05, 06, 07, 14, 29, 46",24
2017/05/12,"02, 09, 18, 22, 25, 35",14
2017/05/09,"16, 17, 20, 21, 32, 40",15
2017/05/05,"01, 09, 18, 19, 34, 49",11
2017/05/02,"14, 23, 24, 27, 36, 39",13
2017/04/28,"01, 03, 19, 31, 32, 42",43
2017/04/25,"16, 17, 30, 32, 35, 41",26
2017/04/21,"05, 15, 22, 23, 28, 39",25
2017/04/18,"14, 21, 25, 35, 36, 39",18
2017/04/14,"02, 03, 04, 23, 29, 42",14
2017/04/11,"09, 22, 31, 36, 40, 47",08
2017/04/07,"19, 23, 31, 32, 37, 49",26
2017/04/04,"05, 17, 33, 34, 43, 44",04
2017/03/31,"17, 18, 22, 24, 25, 38",39
2017/03/28,"21, 22, 32, 37, 42, 44",38
2017/03/24,"24, 36, 39, 41, 45, 49",22
2017/03/21,"08, 16, 27, 32, 43, 44",07
2017/03/17,"04, 17, 25, 36, 40, 44",08
2017/03/14,"15, 17, 20, 32, 33, 39",21
2017/03/10,"11, 12, 21, 35, 41, 48",01
2017/03/07,"06, 12, 22, 31, 41, 44",02
2017/03/03,"02, 16, 20, 37, 43, 48",10
2017/02/28,"06, 14, 15, 19, 30, 43",31
2017/02/24,"12, 16, 35, 38, 41, 47",01
2017/02/21,"08, 10, 15, 32, 39, 48",43
2017/02/17,"06, 16, 21, 23, 46, 49",39
2017/02/14,"10, 11, 21, 23, 28, 37",24
2017/02/10,"07, 11, 12, 15, 24, 26",06
2017/02/07,"06, 18, 19, 23, 32, 49",21
2017/02/03,"02, 11, 25, 29, 30, 33",20
2017/02/01,"04, 09, 11, 32, 43, 47",44
2017/01/31,"04, 11, 16, 28, 33, 46",17
2017/01/30,"10, 19, 26, 29, 43, 45",20
2017/01/29,"03, 08, 09, 12, 14, 22",46
2017/01/28,"01, 19, 20, 25, 30, 32",02
2017/01/27,"01, 05, 07, 31, 35, 49",42
2017/01/24,"01, 09, 17, 31, 33, 48",49
2017/01/20,"01, 05, 16, 18, 31, 41",13
2017/01/17,"04, 12, 17, 28, 34, 40",07
2017/01/13,"14, 19, 21, 25, 27, 38",22
2017/01/10,"04, 13, 14, 37, 39, 46",31
2017/01/06,"12, 14, 32, 35, 40, 43",17
2017/01/03,"18, 22, 41, 42, 47, 49",45
2016/12/30,"06, 07, 35, 37, 38, 47",12
2016/12/27,"10, 25, 26, 29, 31, 40",02
2016/12/23,"08, 23, 28, 38, 41, 42",30
2016/12/20,"01, 29, 35, 36, 44, 46",06
2016/12/16,"11, 19, 25, 34, 36, 42",08
2016/12/13,"19, 29, 33, 36, 39, 49",06
2016/12/09,"12, 28, 38, 42, 44, 49",02
2016/12/06,"27, 30, 32, 41, 44, 46",42
2016/12/02,"05, 25, 26, 34, 40, 49",47
2016/11/29,"03, 21, 26, 28, 38, 40",42
2016/11/25,"01, 03, 22, 28, 37, 42",10
2016/11/22,"01, 21, 24, 25, 34, 44",19
2016/11/18,"06, 18, 24, 25, 26, 34",19
2016/11/15,"07, 08, 25, 33, 41, 43",06
2016/11/11,"02, 07, 08, 22, 28, 32",20
2016/11/08,"03, 06, 11, 17, 22, 49",44
2016/11/04,"02, 03, 17, 28, 38, 49",21
2016/11/01,"10, 11, 15, 20, 31, 49",44
2016/10/28,"01, 10, 13, 33, 37, 38",40
2016/10/25,"05, 15, 25, 27, 33, 34",43
2016/10/21,"02, 08, 21, 32, 33, 37",15
2016/10/18,"14, 15, 16, 24, 44, 47",21
2016/10/14,"10, 23, 29, 30, 44, 47",07
2016/10/11,"02, 08, 13, 14, 37, 39",38
2016/10/07,"10, 16, 30, 33, 37, 42",43
2016/10/04,"11, 23, 30, 35, 40, 44",07
2016/09/30,"04, 10, 31, 38, 40, 48",05
2016/09/27,"14, 15, 16, 35, 46, 48",02
2016/09/23,"01, 02, 29, 31, 33, 43",40
2016/09/20,"04, 07, 17, 22, 44, 45",32
2016/09/16,"17, 23, 30, 31, 34, 49",36
2016/09/13,"03, 16, 22, 33, 40, 41",39
2016/09/09,"01, 12, 35, 36, 41, 44",21
2016/09/06,"04, 07, 20, 23, 28, 45",35
2016/09/02,"09, 11, 20, 21, 45, 46",42
2016/08/30,"01, 11, 18, 27, 36, 46",26
2016/08/26,"09, 28, 34, 41, 42, 49",06
2016/08/23,"25, 26, 37, 38, 44, 48",31
2016/08/19,"05, 19, 26, 44, 46, 48",36
2016/08/16,"05, 14, 15, 20, 27, 29",35
2016/08/12,"08, 20, 33, 35, 42, 43",10
2016/08/09,"15, 17, 30, 35, 37, 45",41
2016/08/05,"01, 02, 22, 27, 35, 40",33
2016/08/02,"04, 15, 20, 22, 28, 29",01
2016/07/29,"09, 15, 27, 28, 30, 41",13
2016/07/26,"09, 15, 19, 22, 35, 41",37
2016/07/22,"02, 10, 17, 27, 33, 49",15
2016/07/19,"07, 13, 33, 40, 45, 46",39
2016/07/15,"24, 25, 29, 33, 35, 38",49
2016/07/12,"25, 31, 34, 42, 43, 46",05
2016/07/08,"09, 10, 13, 19, 23, 35",38
2016/07/05,"06, 09, 15, 17, 40, 47",24
2016/07/01,"08, 20, 24, 34, 41, 43",32
2016/06/28,"07, 08, 25, 39, 45, 46",38
2016/06/24,"14, 17, 27, 28, 39, 41",18
2016/06/21,"02, 27, 34, 35, 36, 49",26
2016/06/17,"07, 10, 17, 20, 21, 31",49
2016/06/14,"12, 13, 16, 33, 35, 37",18
2016/06/10,"04, 13, 15, 22, 23, 48",03
2016/06/07,"05, 08, 23, 31, 39, 44",19
2016/06/03,"03, 10, 27, 33, 41, 44",07
2016/05/31,"01, 02, 05, 32, 45, 46",43
2016/05/27,"02, 09, 13, 16, 24, 39",41
2016/05/24,"06, 08, 13, 21, 33, 39",45
2016/05/20,"05, 10, 25, 30, 40, 43",26
2016/05/17,"02, 03, 20, 23, 34, 42",40
2016/05/13,"03, 10, 22, 31, 35, 38",37
2016/05/10,"03, 04, 08, 22, 36, 38",07
2016/05/06,"01, 26, 37, 39, 42, 48",41
2016/05/03,"01, 07, 17, 40, 41, 43",33
2016/04/29,"08, 14, 27, 31, 36, 40",03
2016/04/26,"06, 12, 21, 25, 34, 43",28
2016/04/22,"12, 19, 23, 33, 46, 48",29
2016/04/19,"12, 21, 39, 41, 46, 47",14
2016/04/15,"09, 13, 17, 28, 45, 47",03
2016/04/12,"11, 14, 19, 39, 45, 49",23
2016/04/08,"02, 07, 13, 30, 36, 45",43
2016/04/05,"14, 23, 26, 32, 38, 43",03
2016/04/01,"08, 12, 16, 29, 37, 39",40
2016/03/29,"01, 17, 18, 34, 46, 47",25
2016/03/25,"07, 11, 22, 37, 40, 41",20
2016/03/22,"07, 11, 16, 20, 30, 33",06
2016/03/18,"01, 03, 04, 18, 25, 47",13
2016/03/15,"06, 14, 30, 42, 47, 48",18
2016/03/11,"09, 16, 30, 34, 36, 49",31
2016/03/08,"03, 27, 30, 35, 39, 41",32
2016/03/04,"05, 07, 12, 17, 22, 29",04
2016/03/01,"07, 14, 17, 22, 23, 34",12
2016/02/26,"03, 09, 17, 21, 41, 46",27
2016/02/23,"10, 14, 19, 20, 43, 45",22
2016/02/19,"11, 20, 23, 30, 39, 44",49
2016/02/16,"11, 23, 29, 33, 34, 40",06
2016/02/14,"01, 03, 16, 20, 21, 26",22
2016/02/13,"04, 06, 18, 29, 35, 48",20
2016/02/12,"06, 10, 11, 22, 32, 45",04
2016/02/11,"03, 13, 29, 30, 34, 48",28
2016/02/10,"18, 19, 22, 32, 44, 47",09
2016/02/09,"09, 24, 25, 31, 37, 45",12
2016/02/08,"08, 12, 13, 16, 27, 32",24
2016/02/07,"04, 11, 21, 25, 35, 37",43
2016/02/05,"04, 05, 26, 30, 38, 41",28
2016/02/02,"15, 21, 23, 26, 43, 48",34
2016/01/29,"16, 35, 38, 44, 45, 48",27
2016/01/26,"11, 13, 17, 35, 39, 46",02
2016/01/22,"10, 15, 17, 20, 43, 46",37
2016/01/19,"04, 09, 14, 23, 44, 46",41
2016/01/15,"06, 11, 16, 17, 27, 42",35
2016/01/12,"05, 15, 18, 39, 40, 44",37
2016/01/08,"03, 10, 13, 28, 44, 48",01
2016/01/05,"01, 03, 07, 15, 25, 33",21
2016/01/01,"16, 19, 24, 29, 41, 43",32
2015/12/29,"01, 08, 13, 30, 32, 42",11
2015/12/25,"03, 07, 11, 12, 16, 30",13
2015/12/22,"08, 12, 13, 29, 37, 49",43
2015/12/18,"05, 06, 11, 15, 18, 25",31
2015/12/15,"04, 11, 18, 22, 23, 31",19
2015/12/11,"01, 04, 25, 29, 42, 43",11
2015/12/08,"08, 15, 32, 36, 40, 43",03
2015/12/04,"16, 21, 34, 37, 41, 47",29
2015/12/01,"06, 13, 15, 19, 37, 41",22
2015/11/27,"04, 05, 23, 25, 40, 41",11
2015/11/24,"01, 09, 13, 28, 29, 48",45
2015/11/20,"04, 09, 10, 39, 40, 42",08
2015/11/17,"02, 07, 26, 31, 44, 47",36
2015/11/13,"01, 11, 16, 18, 31, 33",19
2015/11/10,"07, 10, 11, 27, 28, 45",21
2015/11/06,"08, 24, 27, 30, 45, 49",42
2015/11/03,"08, 16, 22, 28, 45, 48",13
2015/10/30,"03, 06, 08, 15, 20, 30",40
2015/10/27,"07, 08, 10, 17, 34, 36",43
2015/10/23,"01, 16, 41, 43, 46, 47",25
2015/10/20,"12, 17, 32, 37, 38, 39",27
2015/10/16,"20, 25, 29, 31, 40, 44",21
2015/10/13,"24, 29, 31, 32, 44, 49",39
2015/10/09,"02, 08, 22, 27, 35, 43",24
2015/10/06,"03, 08, 10, 28, 38, 47",13
2015/10/02,"11, 15, 36, 41, 44, 45",35
2015/09/29,"01, 03, 25, 31, 35, 44",15
2015/09/25,"09, 13, 21, 25, 38, 39",02
2015/09/22,"06, 10, 39, 44, 46, 47",30
2015/09/18,"06, 16, 17, 36, 37, 41",28
2015/09/15,"02, 13, 30, 31, 34, 44",39
2015/09/11,"05, 10, 18, 29, 41, 44",30
2015/09/08,"08, 28, 31, 32, 36, 43",09
2015/09/04,"19, 20, 44, 46, 47, 49",09
2015/09/01,"09, 18, 19, 20, 40, 48",03
2015/08/28,"08, 11, 12, 15, 40, 46",16
2015/08/25,"13, 15, 22, 26, 45, 47",49
2015/08/21,"10, 15, 20, 21, 27, 36",45
2015/08/18,"08, 20, 29, 30, 42, 49",21
2015/08/14,"05, 13, 14, 23, 24, 42",35
2015/08/11,"01, 02, 35, 43, 45, 46",14
2015/08/07,"25, 26, 27, 28, 36, 37",38
2015/08/04,"03, 12, 17, 19, 38, 48",43
2015/07/31,"13, 16, 18, 30, 32, 40",29
2015/07/28,"06, 15, 27, 32, 44, 49",16
2015/07/24,"10, 12, 25, 33, 39, 42",29
2015/07/21,"08, 09, 16, 39, 40, 44",28
2015/07/17,"04, 07, 20, 27, 33, 40",38
2015/07/14,"10, 12, 14, 19, 30, 45",41
2015/07/10,"05, 06, 13, 26, 29, 47",33
2015/07/07,"01, 14, 27, 33, 42, 46",41
2015/07/03,"21, 23, 28, 29, 41, 46",24
2015/06/30,"18, 19, 32, 35, 46, 48",47
2015/06/26,"05, 06, 12, 28, 29, 41",07
2015/06/23,"02, 13, 33, 35, 43, 45",05
2015/06/19,"03, 05, 11, 18, 25, 38",15
2015/06/16,"03, 04, 25, 35, 41, 45",07
2015/06/12,"08, 19, 22, 24, 26, 28",18
2015/06/09,"03, 20, 27, 34, 37, 44",12
2015/06/05,"08, 21, 32, 35, 41, 48",34
2015/06/02,"01, 07, 19, 20, 46, 47",13
2015/05/29,"02, 05, 11, 28, 32, 34",24
2015/05/26,"02, 10, 11, 20, 26, 45",30
2015/05/22,"03, 21, 23, 28, 37, 43",05
2015/05/19,"15, 16, 29, 39, 42, 46",14
2015/05/15,"03, 06, 18, 27, 29, 32",40
2015/05/12,"01, 13, 23, 29, 31, 33",17
2015/05/08,"02, 10, 15, 28, 44, 49",39
2015/05/05,"08, 28, 41, 42, 44, 49",30
2015/05/01,"08, 15, 25, 29, 47, 49",09
2015/04/28,"03, 05, 12, 26, 36, 44",23
2015/04/24,"13, 25, 31, 35, 41, 46",49
2015/04/21,"01, 03, 11, 22, 29, 33",30
2015/04/17,"26, 32, 33, 36, 45, 47",39
2015/04/14,"01, 22, 23, 38, 48, 49",11
2015/04/10,"10, 11, 17, 20, 42, 44",13
2015/04/07,"11, 17, 19, 33, 45, 47",04
2015/04/03,"13, 32, 36, 40, 42, 43",41
2015/03/31,"02, 04, 13, 25, 32, 43",15
2015/03/27,"12, 13, 15, 18, 24, 36",39
2015/03/24,"03, 04, 06, 09, 17, 24",28
2015/03/20,"04, 07, 09, 13, 29, 46",08
2015/03/17,"05, 32, 36, 40, 42, 49",01
2015/03/13,"06, 09, 14, 16, 22, 33",11
2015/03/10,"03, 11, 25, 34, 46, 47",42
2015/03/06,"06, 21, 22, 35, 37, 44",29
2015/03/03,"04, 06, 11, 41, 43, 46",21
2015/02/27,"02, 06, 27, 34, 38, 43",45
2015/02/24,"03, 28, 39, 41, 46, 48",09
2015/02/23,"14, 20, 21, 32, 38, 43",23
2015/02/22,"03, 06, 12, 34, 37, 43",28
2015/02/21,"02, 05, 11, 17, 27, 40",20
2015/02/20,"05, 09, 10, 28, 29, 45",41
2015/02/19,"07, 25, 27, 31, 40, 49",11
2015/02/18,"03, 06, 15, 16, 27, 31",14
2015/02/17,"03, 11, 15, 23, 40, 46",13
2015/02/13,"01, 09, 15, 25, 29, 35",38
2015/02/10,"14, 15, 26, 29, 35, 44",09
2015/02/06,"05, 11, 29, 36, 42, 46",48
2015/02/03,"05, 13, 15, 16, 18, 30",08
2015/01/30,"03, 14, 24, 35, 39, 44",28
2015/01/27,"04, 09, 15, 21, 27, 45",06
2015/01/23,"08, 16, 20, 38, 39, 42",29
2015/01/20,"09, 24, 28, 35, 45, 47",48
2015/01/16,"02, 17, 28, 32, 38, 46",49
2015/01/13,"02, 14, 16, 22, 37, 46",49
2015/01/09,"07, 08, 18, 21, 23, 24",11
2015/01/06,"11, 16, 29, 30, 37, 43",13
2015/01/02,"13, 22, 23, 29, 31, 48",06
2014/12/30,"07, 30, 32, 44, 48, 49",45
2014/12/26,"09, 27, 32, 42, 45, 49",30
2014/12/23,"03, 27, 30, 31, 32, 39",35
2014/12/19,"01, 09, 24, 32, 41, 49",40
2014/12/16,"17, 28, 32, 34, 35, 45",08
2014/12/12,"07, 08, 24, 29, 32, 48",37
2014/12/09,"07, 09, 23, 33, 41, 43",24
2014/12/05,"11, 18, 30, 34, 37, 47",17
2014/12/02,"09, 11, 13, 23, 26, 42",47
2014/11/28,"01, 10, 21, 35, 40, 44",36
2014/11/25,"01, 15, 16, 32, 44, 48",40
2014/11/21,"02, 03, 22, 26, 32, 34",40
2014/11/18,"11, 12, 20, 26, 28, 43",06
2014/11/14,"15, 16, 29, 34, 41, 44",49
2014/11/11,"05, 11, 18, 23, 36, 43",14
2014/11/07,"11, 19, 25, 27, 40, 49",33
2014/11/04,"03, 20, 30, 35, 38, 41",47
2014/10/31,"02, 08, 10, 14, 27, 49",20
2014/10/28,"05, 16, 25, 32, 37, 44",21
2014/10/24,"01, 17, 20, 36, 37, 45",15
2014/10/21,"14, 28, 31, 38, 42, 44",45
2014/10/17,"02, 11, 20, 32, 33, 36",39
2014/10/14,"09, 10, 14, 20, 36, 47",08
2014/10/10,"01, 11, 19, 24, 26, 28",33
2014/10/07,"17, 18, 40, 41, 45, 47",29
2014/10/03,"10, 14, 19, 24, 35, 37",39
2014/09/30,"18, 35, 36, 41, 47, 49",15
2014/09/26,"08, 15, 19, 22, 29, 37",39
2014/09/23,"02, 11, 20, 28, 32, 38",16
2014/09/19,"02, 06, 17, 29, 32, 39",04
2014/09/16,"07, 12, 16, 18, 19, 41",45
2014/09/12,"02, 23, 27, 31, 36, 49",15
2014/09/09,"21, 23, 29, 41, 42, 49",14
2014/09/05,"10, 16, 25, 27, 32, 36",45
2014/09/02,"07, 08, 36, 39, 42, 43",22
2014/08/29,"09, 10, 21, 23, 38, 39",35
2014/08/26,"01, 17, 19, 23, 32, 43",09
2014/08/22,"08, 16, 23, 30, 31, 43",18
2014/08/19,"06, 07, 09, 12, 14, 19",17
2014/08/15,"18, 23, 29, 46, 47, 48",05
2014/08/12,"04, 06, 10, 12, 34, 45",44
2014/08/08,"26, 31, 32, 38, 42, 45",37
2014/08/05,"04, 11, 26, 33, 40, 42",34
2014/08/01,"05, 08, 21, 23, 32, 45",18
2014/07/29,"31, 32, 34, 36, 44, 47",46
2014/07/25,"05, 21, 30, 32, 35, 45",26
2014/07/22,"03, 09, 13, 17, 28, 42",14
2014/07/18,"01, 02, 15, 19, 21, 30",40
2014/07/15,"07, 18, 23, 32, 34, 48",13
2014/07/11,"01, 07, 14, 15, 18, 30",33
2014/07/08,"10, 22, 25, 33, 39, 47",38
2014/07/04,"03, 14, 17, 24, 27, 48",28
2014/07/01,"06, 07, 08, 09, 21, 48",18
2014/06/27,"13, 21, 27, 34, 35, 36",24
2014/06/24,"01, 08, 12, 14, 40, 41",15
2014/06/20,"12, 14, 16, 33, 36, 47",48
2014/06/17,"03, 06, 18, 20, 25, 48",12
2014/06/13,"04, 21, 28, 32, 37, 42",16
2014/06/10,"03, 11, 28, 32, 33, 35",30
2014/06/06,"25, 29, 40, 41, 47, 49",48
2014/06/03,"16, 31, 32, 33, 35, 44",46
2014/05/30,"09, 17, 21, 24, 30, 35",15
2014/05/27,"10, 19, 23, 26, 32, 39",16
2014/05/23,"11, 17, 22, 27, 30, 46",15
2014/05/20,"06, 13, 30, 33, 34, 35",38
2014/05/16,"14, 31, 38, 41, 42, 45",29
2014/05/13,"15, 20, 29, 31, 32, 44",23
2014/05/09,"01, 11, 13, 21, 27, 37",03
2014/05/06,"10, 25, 35, 39, 40, 46",31
2014/05/02,"01, 07, 23, 25, 37, 40",12
2014/04/29,"02, 09, 27, 30, 44, 46",22
2014/04/25,"04, 24, 34, 35, 38, 46",30
2014/04/22,"11, 12, 15, 18, 20, 37",42
2014/04/18,"08, 09, 15, 40, 44, 48",24
2014/04/15,"05, 08, 24, 26, 35, 44",41
2014/04/11,"01, 03, 04, 09, 12, 17",15
2014/04/08,"01, 14, 17, 27, 28, 45",11
2014/04/04,"08, 24, 35, 37, 41, 47",23
2014/04/01,"18, 22, 29, 30, 46, 47",06
2014/03/28,"09, 18, 23, 35, 36, 47",41
2014/03/25,"19, 23, 25, 30, 42, 47",16
2014/03/21,"08, 18, 26, 31, 46, 47",20
2014/03/18,"12, 26, 28, 35, 39, 40",16
2014/03/14,"02, 08, 27, 40, 41, 47",28
2014/03/11,"13, 15, 16, 20, 40, 43",14
2014/03/07,"06, 18, 26, 30, 37, 38",16
2014/03/04,"08, 26, 35, 37, 40, 43",06
2014/02/28,"13, 17, 18, 24, 28, 32",37
2014/02/25,"03, 05, 09, 12, 13, 46",04
2014/02/21,"11, 12, 23, 28, 40, 48",09
2014/02/18,"06, 19, 20, 26, 32, 47",35
2014/02/14,"10, 19, 20, 24, 33, 48",01
2014/02/11,"06, 15, 21, 22, 31, 44",41
2014/02/07,"05, 11, 12, 21, 22, 28",25
2014/02/04,"08, 12, 19, 32, 42, 46",28
2014/02/03,"01, 02, 16, 17, 27, 30",48
2014/02/02,"03, 13, 14, 19, 24, 45",05
2014/02/01,"06, 09, 13, 19, 36, 37",27
2014/01/31,"17, 23, 27, 38, 48, 49",19
2014/01/30,"09, 22, 44, 45, 48, 49",08
2014/01/28,"01, 02, 05, 07, 26, 30",24
2014/01/24,"01, 04, 20, 29, 41, 45",36
2014/01/21,"12, 15, 22, 38, 43, 44",09
2014/01/17,"13, 15, 20, 26, 29, 36",37
2014/01/14,"02, 11, 21, 41, 45, 49",26
2014/01/10,"07, 17, 19, 30, 32, 37",03
2014/01/07,"01, 07, 21, 25, 35, 36",39
2014/01/03,"11, 18, 20, 21, 35, 37",08
2013/12/31,"05, 27, 29, 36, 40, 42",35
2013/12/27,"02, 12, 16, 31, 39, 43",18
2013/12/24,"09, 21, 24, 33, 36, 43",03
2013/12/20,"08, 09, 14, 17, 25, 45",27
2013/12/17,"01, 04, 09, 14, 22, 28",20
2013/12/13,"10, 16, 26, 28, 41, 48",42
2013/12/10,"06, 11, 27, 34, 42, 49",21
2013/12/06,"04, 06, 08, 10, 15, 36",13
2013/12/03,"08, 10, 17, 38, 44, 49",40
2013/11/29,"02, 08, 13, 19, 30, 31",20
2013/11/26,"01, 10, 11, 15, 20, 21",26
2013/11/22,"08, 09, 11, 24, 40, 47",33
2013/11/19,"15, 16, 33, 35, 36, 46",21
2013/11/15,"02, 04, 18, 31, 36, 43",08
2013/11/12,"03, 12, 22, 23, 29, 46",33
2013/11/08,"01, 03, 28, 30, 33, 39",34
2013/11/05,"03, 12, 27, 29, 37, 46",17
2013/11/01,"06, 16, 26, 31, 36, 46",09
2013/10/29,"01, 04, 21, 30, 39, 42",44
2013/10/25,"03, 08, 10, 11, 35, 36",39
2013/10/22,"07, 08, 16, 23, 32, 39",22
2013/10/18,"09, 11, 17, 39, 40, 43",46
2013/10/15,"08, 13, 16, 20, 22, 28",49
2013/10/11,"02, 10, 32, 37, 46, 49",28
2013/10/08,"04, 06, 07, 11, 26, 31",38
2013/10/04,"07, 12, 18, 25, 28, 48",46
2013/10/01,"01, 04, 14, 17, 23, 46",41
2013/09/27,"01, 12, 18, 19, 38, 46",02
2013/09/24,"07, 09, 15, 23, 34, 35",41
2013/09/20,"06, 12, 19, 28, 39, 47",36
2013/09/17,"01, 08, 17, 19, 40, 46",15
2013/09/13,"12, 16, 26, 27, 28, 45",06
2013/09/10,"01, 10, 14, 34, 42, 47",09
2013/09/06,"06, 07, 14, 33, 36, 48",18
2013/09/03,"11, 13, 22, 29, 39, 48",45
2013/08/30,"02, 21, 24, 27, 36, 46",05
2013/08/27,"05, 08, 11, 14, 15, 36",46
2013/08/23,"05, 11, 12, 14, 31, 35",26
2013/08/20,"05, 07, 16, 28, 31, 49",34
2013/08/16,"04, 17, 24, 27, 29, 40",09
2013/08/13,"12, 14, 16, 34, 37, 48",07
2013/08/09,"03, 04, 12, 13, 24, 30",09
2013/08/06,"01, 04, 17, 27, 32, 48",06
2013/08/02,"07, 27, 43, 44, 45, 46",35
2013/07/30,"06, 15, 16, 22, 43, 45",48
2013/07/26,"08, 17, 21, 34, 39, 45",44
2013/07/23,"04, 17, 24, 27, 35, 49",39
2013/07/19,"03, 05, 09, 15, 30, 49",48
2013/07/16,"10, 13, 16, 29, 31, 37",32
2013/07/12,"15, 24, 29, 34, 47, 48",31
2013/07/09,"19, 24, 28, 29, 41, 43",37
2013/07/05,"11, 14, 28, 39, 40, 45",42
2013/07/02,"01, 05, 18, 21, 40, 44",22
2013/06/28,"22, 26, 31, 42, 44, 49",29
2013/06/25,"07, 18, 26, 28, 34, 38",05
2013/06/21,"10, 29, 35, 39, 41, 44",07
2013/06/18,"04, 11, 25, 36, 41, 43",27
2013/06/14,"04, 16, 22, 32, 35, 47",43
2013/06/11,"16, 20, 34, 42, 46, 49",04
2013/06/07,"03, 14, 29, 33, 39, 48",22
2013/06/04,"14, 19, 34, 43, 46, 47",42
2013/05/31,"03, 06, 10, 33, 39, 44",37
2013/05/28,"07, 10, 16, 17, 30, 43",23
2013/05/24,"10, 27, 28, 31, 37, 41",34
2013/05/21,"24, 29, 35, 39, 42, 49",48
2013/05/17,"05, 10, 16, 22, 23, 24",31
2013/05/14,"01, 06, 07, 27, 30, 39",21
2013/05/10,"02, 17, 25, 32, 39, 43",34
2013/05/07,"09, 11, 14, 25, 33, 35",02
2013/05/03,"01, 04, 08, 22, 32, 45",02
2013/04/30,"10, 30, 32, 37, 46, 47",16
2013/04/26,"15, 17, 19, 30, 40, 47",25
2013/04/23,"12, 15, 29, 31, 36, 45",40
2013/04/19,"03, 36, 37, 40, 42, 48",17
2013/04/16,"06, 18, 40, 43, 45, 48",24
2013/04/12,"01, 03, 18, 22, 29, 32",21
2013/04/09,"07, 16, 35, 45, 47, 48",39
2013/04/05,"04, 07, 13, 17, 21, 35",33
2013/04/02,"11, 15, 20, 23, 26, 35",31
2013/03/29,"02, 03, 08, 15, 24, 46",36
2013/03/26,"01, 09, 20, 28, 39, 42",47
2013/03/22,"05, 07, 13, 23, 24, 30",01
2013/03/19,"01, 12, 25, 37, 39, 40",18
2013/03/15,"05, 13, 23, 37, 43, 44",26
2013/03/12,"16, 20, 35, 46, 47, 49",31
2013/03/08,"12, 13, 16, 29, 44, 45",30
2013/03/05,"05, 24, 30, 35, 36, 38",11
2013/03/01,"01, 26, 34, 35, 36, 37",07
2013/02/26,"08, 15, 21, 30, 36, 39",17
2013/02/22,"07, 09, 17, 25, 28, 35",36
2013/02/19,"07, 23, 24, 28, 32, 40",08
2013/02/15,"02, 08, 17, 30, 34, 40",26
2013/02/12,"03, 13, 19, 24, 27, 38",40
2013/02/11,"06, 16, 40, 45, 46, 48",31
2013/02/10,"09, 10, 12, 21, 31, 35",19
2013/02/09,"05, 11, 17, 22, 30, 34",10
2013/02/08,"04, 11, 22, 26, 38, 47",13
2013/02/05,"08, 15, 19, 25, 30, 38",06
2013/02/01,"01, 26, 28, 37, 39, 46",03
2013/01/29,"03, 07, 31, 32, 34, 43",41
2013/01/25,"02, 04, 11, 18, 48, 49",38
2013/01/22,"02, 14, 23, 25, 31, 47",48
2013/01/18,"22, 27, 30, 33, 37, 46",24
2013/01/15,"02, 08, 32, 34, 44, 46",14
2013/01/11,"01, 10, 24, 33, 44, 48",37
2013/01/08,"05, 06, 14, 19, 27, 33",31
2013/01/04,"01, 07, 24, 31, 35, 47",21
2013/01/01,"03, 04, 22, 32, 33, 49",21
2012/12/28,"05, 14, 18, 28, 37, 42",19
2012/12/31,"12, 18, 25, 32, 41, 47",07
2012/12/21,"13, 17, 22, 25, 31, 48",26
2012/12/18,"05, 07, 10, 15, 19, 44",49
2012/12/14,"08, 11, 17, 21, 28, 49",37
2012/12/11,"05, 12, 14, 22, 38, 44",25
2012/12/07,"08, 11, 13, 19, 23, 28",49
2012/12/04,"02, 23, 29, 30, 41, 43",16
2012/11/30,"05, 18, 26, 31, 37, 43",08
2012/11/27,"05, 09, 13, 18, 19, 31",32
2012/11/23,"02, 03, 04, 14, 18, 46",25
2012/11/20,"06, 20, 23, 24, 27, 34",16
2012/11/16,"17, 18, 32, 33, 41, 42",12
2012/11/13,"02, 11, 14, 22, 25, 31",26
2012/11/09,"09, 25, 31, 37, 38, 45",21
2012/11/06,"08, 13, 41, 42, 47, 48",29
2012/11/02,"04, 18, 24, 36, 37, 38",31
2012/10/30,"10, 14, 20, 25, 36, 46",02
2012/10/26,"01, 17, 20, 28, 32, 41",13
2012/10/23,"02, 07, 19, 20, 25, 46",43
2012/10/19,"13, 25, 27, 39, 45, 49",11
2012/10/16,"02, 03, 28, 35, 44, 45",36
2012/10/12,"05, 11, 12, 30, 43, 48",15
2012/10/09,"08, 15, 18, 30, 31, 41",45
2012/10/05,"09, 17, 18, 33, 44, 47",08
2012/10/02,"01, 03, 07, 09, 28, 40",45
2012/09/28,"04, 06, 22, 41, 42, 47",18
2012/09/25,"18, 19, 34, 35, 45, 49",16
2012/09/21,"22, 29, 30, 36, 37, 42",09
2012/09/18,"12, 13, 18, 39, 44, 48",35
2012/09/14,"20, 31, 32, 33, 37, 38",39
2012/09/11,"03, 04, 21, 30, 31, 48",15
2012/09/07,"07, 17, 19, 24, 30, 44",31
2012/09/04,"10, 21, 32, 36, 40, 48",09
2012/08/31,"18, 28, 31, 34, 36, 45",42
2012/08/28,"01, 03, 06, 30, 38, 41",46
2012/08/24,"07, 34, 35, 42, 43, 47",29
2012/08/21,"06, 29, 40, 44, 46, 47",33
2012/08/17,"07, 38, 39, 43, 47, 48",29
2012/08/14,"02, 19, 27, 31, 38, 49",32
2012/08/10,"01, 03, 14, 24, 26, 45",38
2012/08/07,"12, 23, 28, 29, 43, 47",26
2012/08/03,"13, 14, 18, 27, 29, 44",21
2012/07/31,"01, 24, 28, 33, 43, 44",31
2012/07/27,"05, 07, 09, 22, 27, 34",45
2012/07/24,"05, 11, 21, 24, 37, 39",13
2012/07/20,"11, 14, 22, 34, 41, 44",27
2012/07/17,"17, 19, 22, 25, 30, 37",31
2012/07/13,"08, 15, 28, 35, 41, 46",11
2012/07/10,"03, 16, 26, 28, 31, 41",45
2012/07/06,"04, 11, 18, 19, 27, 31",24
2012/07/03,"11, 18, 21, 34, 41, 49",47
2012/06/29,"09, 11, 30, 36, 39, 45",26
2012/06/26,"01, 06, 07, 12, 16, 41",49
2012/06/22,"06, 24, 28, 36, 38, 44",08
2012/06/19,"01, 05, 17, 19, 26, 46",47
2012/06/15,"09, 15, 23, 38, 47, 49",36
2012/06/12,"03, 21, 29, 33, 35, 40",45
2012/06/08,"01, 09, 24, 45, 46, 49",12
2012/06/05,"11, 13, 16, 35, 40, 49",39
2012/06/01,"04, 18, 31, 34, 39, 44",49
2012/05/29,"05, 22, 38, 43, 46, 49",13
2012/05/25,"01, 17, 22, 26, 33, 40",11
2012/05/22,"01, 08, 13, 18, 28, 49",06
2012/05/18,"13, 23, 25, 31, 39, 46",41
2012/05/15,"01, 30, 35, 44, 47, 49",46
2012/05/11,"10, 22, 29, 30, 33, 37",27
2012/05/08,"06, 23, 24, 25, 29, 30",47
2012/05/04,"04, 11, 17, 23, 31, 39",14
2012/05/01,"05, 07, 21, 22, 31, 43",04
2012/04/27,"13, 22, 24, 35, 40, 45",37
2012/04/24,"09, 14, 19, 21, 39, 47",11
2012/04/20,"02, 03, 25, 44, 45, 48",31
2012/04/17,"19, 23, 25, 26, 31, 43",10
2012/04/13,"01, 04, 09, 20, 25, 35",43
2012/04/10,"06, 19, 27, 31, 33, 42",13
2012/04/06,"04, 05, 14, 36, 37, 40",25
2012/04/03,"08, 22, 23, 39, 44, 47",36
2012/03/30,"01, 20, 21, 28, 36, 38",30
2012/03/27,"16, 18, 23, 27, 28, 29",19
2012/03/23,"22, 31, 36, 37, 43, 44",11
2012/03/20,"04, 05, 07, 13, 26, 46",24
2012/03/16,"26, 27, 28, 30, 31, 43",08
2012/03/13,"06, 24, 46, 47, 48, 49",40
2012/03/10,"10, 21, 41, 44, 45, 48",32
2012/03/06,"02, 05, 17, 20, 25, 48",14
2012/03/02,"02, 06, 15, 21, 31, 45",24
2012/02/28,"02, 30, 32, 36, 43, 47",49
2012/02/24,"02, 06, 13, 15, 17, 43",04
2012/02/21,"02, 21, 32, 39, 42, 46",19
2012/02/17,"14, 15, 26, 30, 38, 44",19
2012/02/14,"02, 11, 19, 21, 33, 45",40
2012/02/10,"05, 16, 19, 29, 41, 43",37
2012/02/07,"07, 22, 27, 33, 39, 41",13
2012/02/03,"05, 08, 20, 32, 34, 35",17
2012/01/31,"01, 11, 14, 15, 19, 33",42
2012/01/27,"03, 20, 21, 22, 34, 40",44
2012/01/24,"08, 21, 29, 38, 44, 45",20
2012/01/20,"10, 12, 22, 30, 39, 44",09
2012/01/17,"04, 10, 22, 35, 42, 46",32
2012/01/13,"22, 36, 42, 43, 46, 48",21
2012/01/10,"03, 21, 23, 27, 45, 47",40
2012/01/06,"10, 14, 23, 35, 41, 46",19
2012/01/03,"09, 19, 26, 34, 38, 40",37
2011/12/30,"12, 13, 15, 28, 30, 37",03
2011/12/27,"01, 08, 23, 24, 30, 32",14
2011/12/23,"06, 17, 27, 31, 40, 48",28
2011/12/20,"05, 07, 09, 26, 27, 34",08
2011/12/16,"10, 31, 35, 36, 41, 44",34
2011/12/13,"02, 23, 30, 36, 44, 48",24
2011/12/09,"10, 37, 38, 39, 40, 45",18
2011/12/06,"03, 13, 14, 18, 22, 38",06
2011/12/02,"23, 27, 31, 37, 39, 45",06
2011/11/29,"01, 07, 11, 14, 35, 36",10
2011/11/25,"08, 10, 27, 30, 36, 43",48
2011/11/22,"16, 21, 37, 40, 41, 46",27
2011/11/18,"10, 11, 12, 15, 16, 45",19
2011/11/15,"12, 19, 21, 35, 42, 46",40
2011/11/11,"04, 19, 20, 29, 32, 36",30
2011/11/08,"02, 11, 22, 35, 39, 40",36
2011/11/04,"02, 07, 08, 14, 21, 38",11
2011/11/01,"04, 07, 13, 14, 21, 29",22
2011/10/28,"05, 15, 24, 27, 33, 36",01
2011/10/25,"02, 05, 24, 28, 33, 44",04
2011/10/21,"20, 33, 34, 35, 41, 43",04
2011/10/18,"04, 08, 19, 32, 44, 46",21
2011/10/14,"07, 08, 21, 23, 26, 39",28
2011/10/11,"02, 06, 18, 33, 34, 43",28
2011/10/07,"01, 06, 13, 16, 30, 33",03
2011/10/04,"02, 08, 15, 26, 29, 49",03
2011/09/30,"10, 11, 24, 34, 44, 48",31
2011/09/27,"03, 09, 23, 26, 31, 42",41
2011/09/23,"14, 16, 23, 27, 28, 44",40
2011/09/20,"02, 25, 27, 28, 34, 37",42
2011/09/16,"15, 23, 28, 30, 36, 48",45
2011/09/13,"02, 08, 11, 38, 41, 48",18
2011/09/09,"01, 08, 12, 15, 36, 47",10
2011/09/06,"02, 09, 23, 29, 38, 41",08
2011/09/02,"02, 05, 22, 24, 30, 35",42
2011/08/30,"10, 12, 26, 36, 37, 48",34
2011/08/26,"10, 31, 32, 33, 43, 45",30
2011/08/23,"05, 23, 29, 32, 36, 42",14
2011/08/19,"13, 18, 30, 32, 41, 48",45
2011/08/16,"26, 30, 37, 38, 42, 43",32
2011/08/12,"02, 12, 14, 22, 40, 45",04
2011/08/09,"25, 27, 33, 38, 40, 49",12
2011/08/05,"03, 20, 24, 25, 28, 49",30
2011/08/02,"17, 24, 27, 28, 42, 45",31
2011/07/29,"06, 19, 28, 37, 38, 46",42
2011/07/26,"02, 08, 13, 29, 35, 36",14
2011/07/22,"04, 05, 06, 08, 22, 38",42
2011/07/19,"02, 17, 20, 37, 47, 49",36
2011/07/15,"17, 23, 27, 30, 43, 49",31
2011/07/12,"08, 24, 31, 35, 37, 41",19
2011/07/08,"16, 18, 35, 37, 43, 47",07
2011/07/05,"01, 02, 15, 18, 28, 32",26
2011/07/01,"09, 23, 25, 31, 44, 49",02
2011/06/28,"11, 13, 15, 23, 27, 33",04
2011/06/24,"11, 19, 21, 27, 38, 39",24
2011/06/21,"01, 10, 13, 40, 42, 46",41
2011/06/17,"01, 02, 19, 31, 47, 48",36
2011/06/14,"05, 17, 21, 31, 33, 48",25
2011/06/10,"06, 10, 19, 29, 37, 41",09
2011/06/07,"03, 08, 22, 27, 31, 39",14
2011/06/03,"08, 12, 13, 15, 35, 46",30
2011/05/31,"05, 09, 15, 32, 38, 43",12
2011/05/27,"05, 10, 24, 32, 43, 48",04
2011/05/24,"01, 16, 19, 24, 25, 26",21
2011/05/20,"02, 33, 34, 42, 44, 47",10
2011/05/17,"01, 03, 11, 15, 26, 48",28
2011/05/13,"16, 19, 21, 29, 36, 42",10
2011/05/10,"05, 12, 25, 35, 38, 42",28
2011/05/06,"06, 22, 23, 24, 36, 44",03
2011/05/03,"10, 15, 18, 24, 28, 43",35
2011/04/29,"01, 07, 16, 17, 22, 23",19
2011/04/26,"20, 37, 39, 40, 41, 45",08
2011/04/22,"04, 21, 22, 26, 36, 46",41
2011/04/19,"22, 35, 37, 41, 46, 47",24
2011/04/15,"15, 28, 37, 38, 42, 47",33
2011/04/12,"04, 06, 14, 24, 29, 33",45
2011/04/08,"09, 10, 23, 29, 37, 38",44
2011/04/05,"08, 10, 20, 24, 28, 29",32
2011/04/01,"14, 20, 30, 32, 35, 43",33
2011/03/29,"04, 10, 12, 18, 22, 40",24
2011/03/25,"01, 18, 35, 39, 43, 48",02
2011/03/22,"06, 08, 20, 24, 36, 47",27
2011/03/18,"03, 15, 23, 30, 36, 37",28
2011/03/15,"04, 19, 28, 29, 30, 41",10
2011/03/11,"05, 11, 13, 21, 22, 42",25
2011/03/08,"01, 06, 24, 25, 32, 47",38
2011/03/04,"12, 16, 18, 22, 23, 27",41
2011/03/01,"03, 08, 14, 27, 31, 48",23
2011/02/25,"02, 03, 20, 28, 36, 44",21
2011/02/22,"13, 15, 20, 32, 35, 39",11
2011/02/18,"14, 20, 23, 26, 37, 38",33
2011/02/15,"09, 12, 15, 24, 33, 35",18
2011/02/11,"03, 04, 07, 34, 36, 45",24
2011/02/08,"05, 06, 23, 31, 39, 41",16
2011/02/04,"10, 33, 41, 42, 47, 49",03
2011/02/01,"01, 06, 17, 25, 40, 42",15
2011/01/28,"03, 04, 13, 18, 24, 42",47
2011/01/25,"12, 13, 17, 21, 31, 39",20
2011/01/21,"02, 32, 36, 37, 39, 43",03
2011/01/18,"15, 38, 40, 42, 46, 47",17
2011/01/14,"16, 17, 20, 32, 39, 45",46
2011/01/11,"07, 10, 11, 12, 14, 20",41
2011/01/07,"11, 13, 34, 35, 47, 49",20
2011/01/04,"14, 19, 23, 35, 37, 47",42
2010/12/31,"04, 09, 27, 36, 38, 39",02
2010/12/28,"02, 13, 17, 27, 31, 36",18
2010/12/24,"16, 27, 39, 43, 48, 49",01
2010/12/21,"01, 12, 23, 35, 38, 45",26
2010/12/17,"09, 25, 28, 30, 35, 41",12
2010/12/14,"15, 16, 17, 20, 32, 41",08
2010/12/10,"01, 17, 22, 26, 29, 33",03
2010/12/07,"21, 22, 30, 37, 38, 49",34
2010/12/03,"17, 23, 33, 38, 43, 48",19
2010/11/30,"07, 08, 24, 34, 36, 38",16
2010/11/26,"18, 22, 23, 35, 44, 49",26
2010/11/23,"02, 03, 26, 30, 32, 48",41
2010/11/19,"03, 06, 40, 43, 44, 45",41
2010/11/16,"02, 07, 10, 12, 15, 43",22
2010/11/12,"03, 10, 23, 36, 37, 39",15
2010/11/09,"05, 07, 21, 30, 31, 36",49
2010/11/05,"05, 08, 13, 16, 28, 47",46
2010/11/02,"04, 05, 21, 34, 36, 39",28
2010/10/29,"04, 13, 19, 26, 27, 28",33
2010/10/26,"03, 14, 22, 35, 43, 44",26
2010/10/22,"01, 04, 08, 13, 18, 49",03
2010/10/19,"12, 21, 27, 35, 36, 37",08
2010/10/15,"01, 11, 20, 28, 30, 46",10
2010/10/12,"08, 09, 10, 20, 31, 40",25
2010/10/08,"03, 11, 14, 39, 41, 48",06
2010/10/05,"14, 16, 21, 32, 35, 43",49
2010/10/01,"08, 12, 23, 37, 38, 48",20
2010/09/28,"03, 04, 19, 22, 32, 40",11
2010/09/24,"02, 08, 29, 36, 42, 44",22
2010/09/21,"01, 22, 35, 38, 39, 45",08
2010/09/17,"12, 13, 24, 34, 35, 39",14
2010/09/14,"01, 02, 19, 22, 26, 44",03
2010/09/10,"10, 14, 18, 41, 42, 49",24
2010/09/07,"03, 04, 08, 16, 41, 43",22
2010/09/03,"05, 07, 18, 20, 38, 47",37
2010/08/31,"04, 07, 20, 23, 31, 43",47
2010/08/27,"08, 14, 27, 30, 42, 47",29
2010/08/24,"06, 08, 30, 45, 47, 48",29
2010/08/20,"08, 21, 28, 33, 38, 44",27
2010/08/17,"06, 14, 18, 19, 20, 42",09
2010/08/13,"02, 13, 22, 30, 36, 48",09
2010/08/10,"03, 24, 25, 28, 38, 40",11
2010/08/06,"10, 19, 21, 22, 28, 47",39
2010/08/03,"03, 13, 15, 25, 29, 49",09
2010/07/30,"08, 11, 12, 14, 23, 36",45
2010/07/27,"03, 15, 33, 38, 44, 49",30
2010/07/23,"08, 15, 22, 42, 43, 49",07
2010/07/20,"05, 22, 23, 27, 29, 43",47
2010/07/16,"16, 17, 18, 20, 32, 45",09
2010/07/13,"02, 05, 08, 15, 31, 34",12
2010/07/09,"11, 24, 25, 32, 33, 35",23
2010/07/06,"05, 11, 21, 25, 43, 48",31
2010/07/02,"07, 10, 20, 23, 32, 45",17
2010/06/29,"01, 04, 11, 18, 20, 48",05
2010/06/25,"11, 24, 27, 39, 46, 47",20
2010/06/22,"09, 15, 26, 28, 36, 42",40
2010/06/18,"02, 05, 15, 20, 26, 48",08
2010/06/15,"02, 04, 17, 20, 27, 44",24
2010/06/11,"01, 20, 21, 27, 42, 43",26
2010/06/08,"08, 24, 25, 40, 42, 46",10
2010/06/04,"11, 15, 27, 28, 37, 39",04
2010/06/01,"02, 05, 15, 28, 35, 40",01
2010/05/28,"03, 18, 19, 20, 26, 43",10
2010/05/25,"01, 20, 30, 32, 34, 43",03
2010/05/21,"04, 12, 16, 27, 44, 47",39
2010/05/18,"03, 06, 14, 27, 28, 33",05
2010/05/14,"03, 06, 16, 21, 28, 47",18
2010/05/11,"11, 13, 29, 33, 42, 45",02
2010/05/07,"19, 23, 28, 32, 38, 49",20
2010/05/04,"04, 15, 23, 32, 34, 35",18
2010/04/30,"08, 35, 36, 37, 39, 44",20
2010/04/27,"12, 14, 16, 34, 35, 48",43
2010/04/23,"03, 04, 30, 45, 47, 49",27
2010/04/20,"02, 07, 21, 23, 32, 41",42
2010/04/16,"01, 24, 30, 31, 34, 40",43
2010/04/13,"12, 14, 34, 42, 46, 49",25
2010/04/09,"04, 05, 29, 36, 40, 49",26
2010/04/06,"09, 23, 27, 28, 31, 41",44
2010/04/02,"01, 06, 16, 21, 41, 48",12
2010/03/30,"16, 37, 41, 46, 47, 49",14
2010/03/26,"09, 17, 19, 23, 35, 36",34
2010/03/23,"11, 22, 28, 35, 37, 48",49
2010/03/19,"05, 08, 18, 22, 29, 49",47
2010/03/16,"26, 36, 37, 39, 41, 46",04
2010/03/12,"18, 19, 23, 31, 35, 38",22
2010/03/09,"05, 07, 12, 14, 16, 36",04
2010/03/05,"03, 15, 21, 22, 35, 38",04
2010/03/02,"02, 03, 09, 33, 34, 38",45
2010/02/26,"05, 06, 22, 32, 34, 47",01
2010/02/23,"05, 19, 23, 40, 45, 48",06
2010/02/19,"12, 14, 27, 30, 37, 43",36
2010/02/16,"05, 26, 29, 36, 43, 49",12
2010/02/12,"01, 14, 23, 31, 32, 40",35
2010/02/09,"09, 13, 32, 34, 35, 45",38
2010/02/05,"01, 05, 14, 19, 33, 36",16
2010/02/02,"09, 15, 18, 21, 27, 41",46
2010/01/29,"16, 18, 29, 34, 44, 49",08
2010/01/26,"25, 26, 28, 33, 39, 40",10
2010/01/22,"03, 23, 24, 31, 32, 46",47
2010/01/19,"13, 24, 25, 32, 35, 45",05
2010/01/15,"04, 07, 26, 41, 47, 49",03
2010/01/12,"01, 23, 34, 36, 46, 48",18
2010/01/08,"01, 08, 19, 21, 43, 45",30
2010/01/05,"11, 18, 24, 32, 38, 40",47
2010/01/01,"02, 16, 20, 22, 23, 27",46
2009/12/29,"12, 21, 25, 29, 42, 48",06
2009/12/25,"09, 12, 22, 30, 42, 47",27
2009/12/22,"10, 11, 14, 24, 27, 47",32
2009/12/18,"03, 16, 32, 42, 43, 45",06
2009/12/15,"04, 35, 38, 43, 44, 48",37
2009/12/11,"12, 15, 20, 29, 36, 48",31
2009/12/08,"04, 16, 19, 27, 32, 39",21
2009/12/04,"02, 03, 13, 19, 22, 39",21
2009/12/01,"11, 23, 27, 29, 38, 49",40
2009/11/27,"01, 05, 06, 15, 19, 26",14
2009/11/24,"02, 07, 13, 23, 27, 40",04
2009/11/20,"05, 13, 15, 20, 26, 31",35
2009/11/17,"01, 04, 08, 10, 34, 49",46
2009/11/13,"13, 25, 32, 33, 38, 47",26
2009/11/10,"02, 07, 22, 25, 26, 42",44
2009/11/06,"01, 02, 10, 44, 45, 46",22
2009/11/03,"05, 13, 20, 26, 29, 34",30
2009/10/30,"04, 08, 12, 20, 37, 39",30
2009/10/27,"02, 12, 28, 32, 42, 46",23
2009/10/23,"05, 06, 18, 19, 21, 34",10
2009/10/20,"01, 11, 12, 14, 41, 46",45
2009/10/16,"13, 15, 20, 29, 30, 43",01
2009/10/13,"05, 13, 28, 40, 44, 49",43
2009/10/09,"10, 14, 17, 33, 40, 41",12
2009/10/06,"09, 14, 15, 22, 26, 33",16
2009/10/02,"09, 15, 25, 28, 30, 35",22
2009/09/29,"17, 27, 32, 37, 45, 47",25
2009/09/25,"01, 09, 13, 16, 33, 37",04
2009/09/22,"03, 04, 08, 12, 21, 42",48
2009/09/18,"02, 04, 08, 09, 26, 38",23
2009/09/15,"02, 04, 26, 36, 43, 48",30
2009/09/11,"10, 16, 18, 31, 33, 48",07
2009/09/08,"08, 11, 12, 15, 19, 20",34
2009/09/04,"05, 28, 31, 36, 40, 49",20
2009/09/01,"07, 08, 12, 19, 26, 36",09
2009/08/28,"12, 23, 39, 44, 45, 48",47
2009/08/25,"01, 07, 09, 15, 21, 38",31
2009/08/21,"11, 13, 32, 37, 42, 43",20
2009/08/18,"11, 12, 18, 31, 46, 47",27
2009/08/14,"04, 08, 15, 26, 39, 49",34
2009/08/11,"03, 24, 27, 28, 30, 46",42
2009/08/07,"01, 02, 15, 26, 31, 49",43
2009/08/04,"02, 21, 23, 27, 44, 48",30
2009/07/31,"04, 07, 09, 10, 24, 42",41
2009/07/28,"02, 10, 13, 15, 25, 49",04
2009/07/24,"01, 03, 07, 22, 40, 47",15
2009/07/21,"05, 17, 27, 28, 39, 48",44
2009/07/17,"09, 11, 13, 16, 38, 42",06
2009/07/14,"04, 05, 15, 37, 41, 44",08
2009/07/10,"03, 08, 21, 26, 30, 46",11
2009/07/07,"02, 25, 31, 37, 39, 47",35
2009/07/03,"17, 19, 32, 40, 41, 47",37
2009/06/30,"04, 07, 09, 21, 26, 34",28
2009/06/26,"06, 12, 33, 38, 43, 45",49
2009/06/23,"06, 21, 22, 29, 43, 49",48
2009/06/19,"02, 12, 19, 23, 40, 42",09
2009/06/16,"03, 05, 08, 10, 25, 30",15
2009/06/12,"12, 13, 32, 41, 43, 44",21
2009/06/09,"26, 27, 35, 36, 44, 49",42
2009/06/05,"06, 23, 27, 42, 44, 49",15
2009/06/02,"11, 12, 20, 28, 34, 46",41
2009/05/29,"21, 29, 30, 34, 36, 45",49
2009/05/26,"03, 08, 33, 39, 41, 48",32
2009/05/22,"01, 02, 16, 18, 32, 40",15
2009/05/19,"11, 31, 32, 38, 46, 48",42
2009/05/15,"05, 07, 14, 15, 18, 45",11
2009/05/12,"01, 03, 20, 26, 39, 44",30
2009/05/08,"03, 15, 19, 22, 24, 31",05
2009/05/05,"12, 15, 37, 42, 45, 47",29
2009/05/01,"03, 05, 21, 26, 38, 43",32
2009/04/28,"05, 18, 29, 30, 39, 43",26
2009/04/24,"13, 20, 21, 24, 42, 49",43
2009/04/21,"11, 16, 23, 27, 36, 39",35
2009/04/17,"16, 18, 21, 22, 24, 38",34
2009/04/14,"02, 08, 20, 23, 45, 48",43
2009/04/10,"08, 09, 25, 36, 40, 44",17
2009/04/07,"03, 12, 24, 31, 43, 46",42
2009/04/03,"06, 33, 36, 42, 44, 45",48
2009/03/31,"13, 16, 23, 25, 31, 47",36
2009/03/27,"01, 02, 18, 28, 34, 40",25
2009/03/24,"02, 07, 18, 21, 25, 29",32
2009/03/20,"02, 07, 09, 11, 18, 31",05
2009/03/17,"01, 05, 18, 23, 29, 35",27
2009/03/13,"09, 24, 32, 45, 46, 47",33
2009/03/10,"09, 13, 26, 28, 36, 38",46
2009/03/06,"06, 13, 21, 26, 31, 32",30
2009/03/03,"07, 14, 26, 28, 34, 45",09
2009/02/27,"13, 17, 19, 26, 34, 36",02
2009/02/24,"04, 11, 23, 25, 38, 46",17
2009/02/20,"01, 13, 24, 34, 40, 49",37
2009/02/17,"05, 16, 21, 22, 36, 43",28
2009/02/13,"02, 03, 07, 24, 42, 45",10
2009/02/10,"09, 12, 18, 30, 46, 48",42
2009/02/06,"04, 07, 10, 21, 27, 32",37
2009/02/03,"03, 10, 14, 23, 42, 43",34
2009/01/30,"02, 05, 10, 23, 39, 41",48
2009/01/27,"13, 14, 27, 32, 35, 38",48
2009/01/23,"10, 11, 21, 28, 38, 40",29
2009/01/20,"07, 21, 22, 23, 40, 43",34
2009/01/16,"08, 24, 25, 26, 33, 40",13
2009/01/13,"04, 11, 18, 33, 47, 48",30
2009/01/09,"04, 15, 27, 30, 37, 45",19
2009/01/06,"04, 15, 20, 21, 29, 33",16
2009/01/02,"02, 06, 23, 26, 35, 38",11
2008/12/30,"03, 09, 25, 26, 36, 39",35
2008/12/26,"08, 15, 18, 33, 37, 40",32
2008/12/23,"02, 07, 23, 25, 39, 45",22
2008/12/19,"03, 10, 15, 30, 38, 45",41
2008/12/16,"14, 25, 26, 35, 39, 40",37
2008/12/12,"02, 28, 34, 36, 39, 42",24
2008/12/08,"01, 05, 06, 16, 26, 41",48
2008/12/05,"02, 03, 08, 31, 40, 44",45
2008/12/02,"07, 21, 29, 30, 37, 49",36
2008/11/28,"01, 05, 07, 16, 17, 41",20
2008/11/25,"04, 15, 26, 39, 46, 49",11
2008/11/21,"16, 17, 21, 28, 30, 37",09
2008/11/18,"14, 17, 20, 29, 34, 39",07
2008/11/14,"07, 15, 23, 35, 36, 43",08
2008/11/11,"11, 13, 33, 34, 39, 45",15
2008/11/07,"15, 25, 30, 33, 40, 46",18
2008/11/04,"11, 13, 19, 20, 32, 40",09
2008/10/31,"01, 03, 09, 11, 19, 47",40
2008/10/28,"02, 07, 12, 14, 36, 41",35
2008/10/24,"05, 06, 08, 09, 14, 49",03
2008/10/21,"02, 04, 07, 08, 18, 30",33
2008/10/17,"05, 11, 15, 19, 28, 36",46
2008/10/14,"08, 28, 30, 43, 44, 46",12
2008/10/10,"13, 14, 20, 24, 41, 47",06
2008/10/07,"01, 20, 28, 29, 33, 34",40
2008/10/03,"18, 19, 37, 41, 45, 48",09
2008/09/30,"01, 07, 09, 13, 22, 27",34
2008/09/26,"15, 29, 30, 36, 41, 42",39
2008/09/23,"02, 09, 20, 22, 29, 35",38
2008/09/19,"02, 13, 23, 28, 35, 48",18
2008/09/16,"02, 25, 31, 32, 44, 46",07
2008/09/12,"01, 09, 16, 18, 34, 37",12
2008/09/09,"10, 23, 27, 28, 35, 46",02
2008/09/05,"02, 03, 14, 22, 32, 33",24
2008/09/02,"02, 03, 10, 21, 25, 34",47
2008/08/29,"02, 24, 25, 26, 28, 46",49
2008/08/26,"02, 04, 06, 18, 23, 24",32
2008/08/22,"04, 05, 08, 26, 31, 37",10
2008/08/19,"02, 16, 25, 35, 39, 43",26
2008/08/14,"08, 14, 23, 24, 43, 44",04
2008/08/12,"16, 22, 24, 33, 43, 49",45
2008/08/08,"08, 16, 20, 33, 35, 49",24
2008/08/05,"05, 10, 29, 41, 44, 45",06
2008/08/01,"07, 11, 18, 22, 37, 38",30
2008/07/29,"16, 39, 41, 42, 43, 45",14
2008/07/25,"07, 19, 25, 29, 35, 43",01
2008/07/22,"01, 17, 25, 29, 30, 33",47
2008/07/18,"04, 06, 09, 15, 20, 38",27
2008/07/15,"06, 16, 21, 36, 37, 45",40
2008/07/11,"07, 21, 22, 23, 34, 36",11
2008/07/08,"14, 23, 32, 33, 36, 42",03
2008/07/04,"06, 10, 17, 21, 43, 49",33
2008/07/01,"15, 20, 24, 35, 43, 48",09
2008/06/27,"01, 02, 09, 10, 38, 41",31
2008/06/24,"02, 07, 08, 20, 33, 43",04
2008/06/20,"03, 20, 21, 24, 28, 39",23
2008/06/17,"01, 07, 15, 32, 40, 41",09
2008/06/13,"07, 08, 20, 21, 31, 39",06
2008/06/10,"14, 19, 20, 22, 34, 39",37
2008/06/06,"01, 20, 22, 31, 40, 42",38
2008/06/03,"01, 20, 24, 27, 29, 31",04
2008/05/30,"08, 11, 12, 20, 32, 42",30
2008/05/27,"04, 07, 15, 24, 41, 49",30
2008/05/23,"02, 10, 11, 29, 37, 44",13
2008/05/20,"08, 14, 17, 42, 45, 47",39
2008/05/16,"03, 07, 21, 22, 26, 40",41
2008/05/13,"11, 31, 37, 38, 41, 47",18
2008/05/09,"15, 17, 23, 36, 43, 48",21
2008/05/06,"09, 10, 15, 23, 46, 48",38
2008/05/02,"11, 13, 14, 33, 39, 45",41
2008/04/29,"02, 03, 11, 32, 35, 42",18
2008/04/25,"04, 15, 20, 45, 47, 48",34
2008/04/22,"10, 15, 31, 36, 44, 49",07
2008/04/18,"04, 13, 25, 35, 38, 43",30
2008/04/15,"13, 20, 32, 33, 43, 47",28
2008/04/11,"05, 06, 23, 25, 28, 42",43
2008/04/08,"11, 23, 29, 32, 37, 39",31
2008/04/04,"13, 23, 28, 30, 38, 44",26
2008/04/01,"08, 16, 24, 25, 32, 33",12
2008/03/28,"01, 08, 09, 12, 19, 26",49
2008/03/25,"02, 03, 05, 13, 33, 49",10
2008/03/21,"11, 14, 27, 32, 34, 49",28
2008/03/18,"01, 09, 27, 33, 38, 49",31
2008/03/14,"03, 21, 30, 34, 44, 49",13
2008/03/11,"07, 08, 21, 30, 36, 44",04
2008/03/07,"12, 25, 28, 40, 41, 42",29
2008/03/04,"01, 15, 22, 25, 38, 47",16
2008/02/29,"01, 07, 09, 10, 18, 27",43
2008/02/26,"06, 16, 33, 37, 40, 47",28
2008/02/22,"01, 03, 07, 12, 30, 43",22
2008/02/19,"16, 22, 26, 31, 39, 43",09
2008/02/15,"01, 22, 31, 41, 42, 46",36
2008/02/12,"05, 12, 19, 22, 25, 27",29
2008/02/08,"01, 03, 06, 07, 15, 27",39
2008/02/05,"17, 29, 30, 33, 35, 42",10
2008/02/01,"01, 02, 06, 18, 20, 38",29
2008/01/29,"21, 34, 38, 41, 42, 49",25
2008/01/25,"01, 04, 15, 20, 24, 40",32
2008/01/22,"09, 13, 14, 26, 30, 37",05
2008/01/18,"06, 08, 18, 25, 26, 36",13
2008/01/15,"05, 08, 10, 31, 32, 41",11
2008/01/11,"03, 07, 08, 27, 37, 49",48
2008/01/08,"03, 07, 12, 17, 28, 44",36
2008/01/04,"05, 13, 29, 31, 39, 40",33
2008/01/01,"13, 18, 27, 43, 47, 48",21
2007/12/28,"10, 12, 16, 18, 22, 29",30
2007/12/25,"05, 06, 09, 18, 31, 37",32
2007/12/21,"15, 19, 20, 22, 28, 44",42
2007/12/18,"04, 07, 13, 19, 23, 49",17
2007/12/14,"01, 17, 26, 27, 34, 39",13
2007/12/11,"10, 15, 16, 20, 27, 43",19
2007/12/07,"08, 10, 17, 28, 32, 34",42
2007/12/04,"01, 16, 31, 38, 43, 44",42
2007/11/30,"08, 15, 16, 19, 30, 45",44
2007/11/27,"08, 12, 16, 34, 36, 47",33
2007/11/23,"01, 22, 23, 43, 46, 49",33
2007/11/20,"01, 16, 17, 20, 22, 42",29
2007/11/16,"16, 20, 22, 39, 42, 46",38
2007/11/13,"03, 05, 16, 17, 32, 37",24
2007/11/09,"01, 02, 06, 12, 18, 24",25
2007/11/06,"01, 10, 27, 40, 43, 44",02
2007/11/02,"04, 10, 28, 44, 45, 48",39
2007/10/30,"01, 04, 09, 17, 19, 41",07
2007/10/26,"03, 11, 13, 16, 21, 36",26
2007/10/23,"10, 25, 29, 34, 47, 49",17
2007/10/19,"15, 17, 22, 28, 36, 46",24
2007/10/16,"05, 07, 11, 18, 38, 40",31
2007/10/12,"09, 20, 23, 26, 28, 37",44
2007/10/09,"09, 36, 38, 40, 46, 47",13
2007/10/05,"03, 10, 19, 26, 29, 48",18
2007/10/02,"03, 04, 08, 09, 24, 49",23
2007/09/28,"08, 09, 16, 17, 19, 30",45
2007/09/25,"08, 10, 12, 28, 38, 42",33
2007/09/21,"01, 16, 24, 31, 35, 39",21
2007/09/18,"20, 25, 29, 31, 37, 46",49
2007/09/14,"02, 15, 22, 27, 45, 48",32
2007/09/11,"03, 14, 18, 22, 28, 36",47
2007/09/07,"03, 05, 22, 32, 42, 49",28
2007/09/04,"09, 17, 18, 21, 42, 48",07
2007/08/31,"23, 31, 35, 40, 41, 44",21
2007/08/28,"02, 11, 22, 29, 34, 39",45
2007/08/24,"04, 06, 07, 12, 25, 47",09
2007/08/21,"16, 24, 25, 38, 42, 46",06
2007/08/17,"02, 12, 31, 35, 43, 47",40
2007/08/14,"02, 05, 12, 25, 26, 38",06
2007/08/10,"11, 22, 27, 29, 35, 40",48
2007/08/07,"01, 05, 18, 25, 35, 41",14
2007/08/03,"02, 12, 15, 27, 38, 40",35
2007/07/31,"01, 06, 07, 25, 39, 41",05
2007/07/27,"13, 21, 32, 39, 42, 46",36
2007/07/24,"01, 07, 12, 22, 29, 31",04
2007/07/20,"02, 05, 10, 19, 23, 25",11
2007/07/17,"15, 29, 37, 39, 48, 49",46
2007/07/13,"05, 10, 13, 18, 34, 35",15
2007/07/10,"02, 29, 34, 40, 44, 45",01
2007/07/06,"09, 12, 23, 36, 44, 48",26
2007/07/03,"01, 05, 09, 21, 24, 49",35
2007/06/29,"09, 23, 26, 28, 29, 44",31
2007/06/26,"18, 24, 37, 38, 43, 47",02
2007/06/22,"13, 32, 35, 39, 41, 42",01
2007/06/19,"20, 28, 33, 41, 43, 45",10
2007/06/15,"11, 17, 28, 34, 36, 46",26
2007/06/12,"03, 05, 20, 38, 39, 44",43
2007/06/08,"01, 02, 11, 26, 28, 46",16
2007/06/05,"01, 16, 23, 25, 36, 47",21
2007/06/01,"07, 08, 11, 25, 34, 43",16
2007/05/29,"10, 15, 18, 43, 45, 48",11
2007/05/25,"02, 11, 13, 25, 34, 36",38
2007/05/22,"01, 18, 30, 32, 41, 48",24
2007/05/18,"11, 12, 27, 41, 43, 46",36
2007/05/15,"13, 31, 35, 40, 47, 48",39
2007/05/11,"10, 13, 21, 26, 29, 47",49
2007/05/08,"01, 16, 27, 28, 41, 46",38
2007/05/04,"06, 22, 34, 38, 40, 44",15
2007/05/01,"21, 24, 28, 34, 45, 49",46
2007/04/27,"09, 10, 29, 32, 38, 42",37
2007/04/24,"08, 20, 22, 25, 38, 40",41
2007/04/20,"09, 15, 16, 19, 44, 49",37
2007/04/17,"08, 31, 40, 44, 45, 48",06
2007/04/13,"05, 15, 23, 28, 31, 33",49
2007/04/10,"02, 04, 06, 20, 42, 47",39
2007/04/06,"10, 18, 22, 34, 35, 37",41
2007/04/03,"04, 10, 39, 43, 45, 49",33
2007/03/30,"14, 31, 33, 40, 45, 46",49
2007/03/27,"04, 11, 21, 39, 42, 43",10
2007/03/23,"05, 06, 17, 19, 20, 32",18
2007/03/20,"14, 15, 25, 37, 47, 49",13
2007/03/16,"28, 35, 36, 38, 43, 49",47
2007/03/13,"04, 13, 22, 24, 26, 41",28
2007/03/09,"12, 14, 20, 21, 23, 31",45
2007/03/06,"02, 15, 16, 31, 33, 46",40
2007/03/02,"12, 15, 24, 32, 39, 49",06
2007/02/27,"06, 22, 36, 39, 48, 49",28
2007/02/23,"05, 13, 25, 30, 39, 48",36
2007/02/20,"01, 13, 19, 33, 38, 45",36
2007/02/16,"18, 19, 27, 34, 44, 48",37
2007/02/13,"02, 08, 25, 39, 43, 46",13
2007/02/09,"07, 28, 30, 41, 45, 48",44
2007/02/06,"12, 16, 26, 32, 41, 48",01
2007/02/02,"07, 08, 10, 12, 47, 48",38
2007/01/30,"06, 18, 26, 39, 42, 45",14
2007/01/26,"08, 13, 18, 26, 34, 36",17
2007/01/23,"06, 07, 15, 31, 36, 44",29
2007/01/19,"06, 26, 27, 44, 45, 46",02
2007/01/16,"13, 28, 33, 38, 43, 48",04
2007/01/12,"10, 16, 26, 28, 31, 33",44
2007/01/09,"26, 28, 35, 39, 44, 45",18
2007/01/05,"12, 19, 23, 42, 44, 48",33
2007/01/02,"13, 21, 23, 27, 31, 49",19
2006/12/28,"01, 04, 07, 08, 25, 31",33
2006/12/26,"06, 13, 24, 31, 32, 49",03
2006/12/21,"16, 32, 42, 45, 46, 49",03
2006/12/19,"12, 19, 30, 32, 34, 36",37
2006/12/14,"02, 04, 08, 27, 33, 48",14
2006/12/12,"16, 18, 37, 38, 45, 46",10
2006/12/07,"05, 27, 28, 30, 35, 42",37
2006/12/05,"14, 26, 28, 35, 41, 45",33
2006/11/30,"03, 06, 07, 14, 16, 43",17
2006/11/28,"14, 19, 31, 37, 42, 45",11
2006/11/23,"01, 23, 34, 37, 43, 45",09
2006/11/21,"06, 07, 11, 19, 47, 48",17
2006/11/16,"02, 17, 28, 29, 38, 49",16
2006/11/14,"05, 17, 29, 34, 38, 47",26
2006/11/09,"12, 14, 20, 22, 37, 40",23
2006/11/07,"05, 18, 20, 33, 38, 40",34
2006/11/02,"06, 30, 34, 45, 46, 48",29
2006/10/31,"06, 08, 29, 39, 46, 49",23
2006/10/26,"05, 07, 11, 19, 36, 42",23
2006/10/24,"01, 04, 05, 15, 18, 42",06
2006/10/19,"09, 10, 12, 25, 33, 38",05
2006/10/17,"08, 13, 16, 41, 43, 46",31
2006/10/12,"09, 17, 23, 26, 30, 41",19
2006/10/10,"01, 17, 21, 35, 36, 46",19
2006/10/05,"07, 15, 20, 32, 36, 44",03
2006/10/03,"06, 07, 23, 31, 33, 36",24
2006/09/28,"08, 19, 30, 33, 37, 43",22
2006/09/26,"02, 06, 08, 25, 30, 45",38
2006/09/21,"06, 13, 20, 21, 33, 40",26
2006/09/19,"01, 09, 21, 39, 40, 41",46
2006/09/14,"01, 10, 37, 39, 43, 44",35
2006/09/12,"02, 08, 11, 14, 15, 21",31
2006/09/07,"11, 12, 15, 28, 43, 48",37
2006/09/05,"02, 05, 27, 30, 33, 48",19
2006/08/31,"05, 06, 25, 33, 38, 49",47
2006/08/29,"17, 24, 34, 38, 42, 49",30
2006/08/24,"10, 11, 14, 17, 24, 45",19
2006/08/22,"16, 20, 24, 30, 38, 40",06
2006/08/17,"18, 23, 25, 28, 35, 36",16
2006/08/15,"06, 10, 19, 27, 32, 41",43
2006/08/10,"03, 09, 16, 40, 43, 48",42
2006/08/08,"04, 08, 12, 20, 22, 39",48
2006/08/03,"03, 20, 21, 42, 44, 46",25
2006/08/01,"12, 28, 29, 35, 37, 42",08
2006/07/27,"04, 36, 37, 42, 45, 46",01
2006/07/25,"14, 16, 25, 27, 42, 49",44
2006/07/20,"07, 30, 37, 41, 43, 49",10
2006/07/18,"11, 20, 31, 34, 36, 38",15
2006/07/13,"06, 16, 24, 34, 42, 43",23
2006/07/11,"01, 06, 09, 16, 42, 44",03
2006/07/06,"14, 23, 24, 41, 44, 47",10
2006/07/04,"08, 09, 14, 19, 20, 33",29
2006/06/29,"11, 15, 17, 21, 23, 31",09
2006/06/27,"01, 20, 29, 30, 35, 39",43
2006/06/22,"01, 18, 31, 39, 41, 47",44
2006/06/20,"03, 08, 14, 18, 19, 43",29
2006/06/15,"01, 25, 35, 37, 44, 46",43
2006/06/13,"08, 11, 12, 32, 38, 45",24
2006/06/08,"03, 04, 15, 23, 26, 47",12
2006/06/06,"04, 12, 15, 37, 41, 42",19
2006/06/01,"04, 11, 34, 35, 45, 48",24
2006/05/30,"02, 09, 15, 16, 22, 49",07
2006/05/25,"01, 15, 20, 37, 47, 48",38
2006/05/23,"11, 20, 31, 38, 42, 46",37
2006/05/18,"01, 23, 28, 46, 47, 49",06
2006/05/16,"08, 20, 35, 36, 45, 46",44
2006/05/11,"02, 12, 19, 26, 34, 46",38
2006/05/09,"05, 08, 18, 26, 38, 42",02
2006/05/04,"02, 03, 19, 26, 27, 41",07
2006/05/02,"03, 16, 24, 25, 40, 43",48
2006/04/27,"09, 12, 30, 33, 42, 49",04
2006/04/25,"03, 09, 19, 40, 44, 49",04
2006/04/20,"09, 13, 15, 27, 34, 42",02
2006/04/18,"04, 06, 14, 16, 20, 41",02
2006/04/13,"01, 23, 25, 37, 39, 45",21
2006/04/11,"08, 10, 16, 22, 37, 38",14
2006/04/06,"05, 23, 36, 38, 40, 42",01
2006/04/04,"06, 10, 11, 32, 34, 39",07
2006/03/30,"12, 17, 26, 31, 35, 48",40
2006/03/28,"05, 08, 09, 15, 29, 45",18
2006/03/23,"07, 23, 28, 29, 38, 46",14
2006/03/20,"12, 28, 30, 40, 47, 49",03
2006/03/16,"03, 09, 18, 42, 45, 46",05
2006/03/13,"04, 21, 25, 35, 39, 42",45
2006/03/09,"06, 13, 15, 17, 18, 22",03
2006/03/06,"05, 07, 09, 15, 31, 34",38
2006/03/02,"05, 08, 24, 31, 32, 39",04
2006/02/27,"09, 17, 18, 27, 36, 42",10
2006/02/23,"07, 12, 16, 17, 19, 33",39
2006/02/20,"02, 14, 18, 21, 37, 43",13
2006/02/16,"05, 06, 18, 23, 26, 29",16
2006/02/13,"03, 15, 21, 23, 26, 49",10
2006/02/09,"12, 21, 34, 37, 38, 39",27
2006/02/06,"11, 15, 18, 25, 29, 49",05
2006/02/02,"02, 08, 12, 20, 26, 33",13
2006/01/30,"04, 05, 13, 26, 32, 42",46
2006/01/26,"10, 29, 30, 32, 43, 47",35
2006/01/23,"01, 11, 16, 21, 23, 40",10
2006/01/19,"03, 11, 18, 20, 21, 26",24
2006/01/16,"04, 12, 15, 19, 26, 31",41
2006/01/12,"07, 11, 22, 24, 28, 30",35
2006/01/09,"08, 20, 22, 39, 45, 46",31
2006/01/05,"18, 23, 26, 38, 39, 48",45
2006/01/02,"06, 15, 22, 25, 35, 41",32
2005/12/29,"06, 07, 10, 13, 31, 39",18
2005/12/26,"01, 02, 07, 08, 27, 45",19
2005/12/22,"12, 22, 24, 26, 27, 47",40
2005/12/19,"03, 20, 21, 22, 26, 27",25
2005/12/15,"07, 16, 32, 39, 45, 49",30
2005/12/12,"26, 28, 29, 30, 36, 37",18
2005/12/08,"13, 18, 26, 28, 35, 48",42
2005/12/05,"25, 31, 34, 40, 41, 47",15
2005/12/01,"07, 30, 38, 39, 40, 43",13
2005/11/28,"02, 14, 23, 25, 26, 40",06
2005/11/24,"09, 11, 30, 41, 47, 49",04
2005/11/21,"07, 13, 23, 33, 34, 42",30
2005/11/17,"02, 03, 04, 17, 27, 39",15
2005/11/14,"02, 13, 29, 39, 44, 49",35
2005/11/10,"04, 07, 19, 30, 36, 46",48
2005/11/07,"16, 17, 23, 32, 42, 48",02
2005/11/03,"06, 08, 17, 19, 30, 47",23
2005/10/31,"05, 10, 22, 26, 31, 48",41
2005/10/27,"06, 08, 23, 26, 28, 36",37
2005/10/24,"07, 08, 17, 22, 27, 44",28
2005/10/20,"11, 13, 14, 21, 42, 47",22
2005/10/17,"27, 30, 35, 39, 43, 47",25
2005/10/13,"03, 11, 26, 43, 46, 48",05
2005/10/10,"06, 11, 23, 29, 45, 49",26
2005/10/06,"02, 08, 24, 28, 31, 48",15
2005/10/03,"03, 15, 16, 25, 40, 48",18
2005/09/29,"01, 08, 19, 23, 38, 40",05
2005/09/26,"04, 18, 26, 37, 41, 44",06
2005/09/22,"02, 11, 35, 37, 48, 49",05
2005/09/19,"03, 26, 29, 38, 43, 45",28
2005/09/15,"04, 15, 23, 41, 44, 45",46
2005/09/12,"04, 24, 28, 30, 35, 39",19
2005/09/08,"03, 10, 11, 36, 37, 45",29
2005/09/05,"05, 08, 22, 26, 27, 44",10
2005/09/01,"06, 12, 20, 43, 47, 48",41
2005/08/29,"09, 10, 36, 40, 42, 43",41
2005/08/25,"02, 04, 06, 21, 25, 46",28
2005/08/22,"17, 18, 23, 24, 25, 28",41
2005/08/18,"03, 08, 11, 36, 38, 49",19
2005/08/15,"13, 15, 33, 37, 38, 41",47
2005/08/11,"09, 20, 22, 31, 45, 46",03
2005/08/08,"24, 28, 37, 38, 43, 45",18
2005/08/04,"09, 20, 26, 29, 40, 41",21
2005/08/01,"02, 13, 16, 36, 44, 47",21
2005/07/28,"09, 14, 24, 27, 37, 41",12
2005/07/25,"05, 12, 25, 27, 41, 44",18
2005/07/21,"11, 22, 26, 28, 33, 37",42
2005/07/18,"07, 11, 13, 25, 30, 40",06
2005/07/14,"03, 22, 31, 43, 46, 47",14
2005/07/11,"01, 11, 14, 18, 35, 43",25
2005/07/07,"06, 12, 21, 27, 36, 48",18
2005/07/04,"02, 15, 17, 31, 32, 38",11
2005/06/30,"02, 04, 05, 09, 35, 45",48
2005/06/27,"10, 17, 22, 37, 43, 49",08
2005/06/23,"04, 10, 18, 34, 40, 43",03
2005/06/20,"04, 20, 22, 28, 47, 48",43
2005/06/16,"08, 12, 16, 25, 28, 45",49
2005/06/13,"09, 14, 25, 31, 36, 46",40
2005/06/09,"04, 06, 13, 22, 30, 44",05
2005/06/06,"03, 04, 09, 10, 28, 45",37
2005/06/02,"04, 15, 21, 30, 41, 46",48
2005/05/30,"04, 08, 11, 15, 16, 25",43
2005/05/26,"03, 09, 16, 18, 41, 48",22
2005/05/23,"02, 08, 09, 10, 21, 31",44
2005/05/19,"02, 04, 14, 24, 27, 46",28
2005/05/16,"01, 06, 11, 37, 41, 44",04
2005/05/12,"15, 28, 29, 31, 32, 47",18
2005/05/09,"01, 02, 07, 09, 16, 29",15
2005/05/05,"05, 14, 18, 34, 44, 47",10
2005/05/02,"01, 03, 29, 35, 43, 47",40
2005/04/28,"04, 05, 15, 20, 29, 39",34
2005/04/25,"01, 16, 25, 34, 36, 38",41
2005/04/21,"04, 05, 22, 33, 36, 43",26
2005/04/18,"11, 20, 40, 41, 45, 49",36
2005/04/14,"18, 20, 25, 36, 48, 49",21
2005/04/11,"02, 06, 09, 24, 27, 45",49
2005/04/07,"05, 15, 23, 29, 31, 44",17
2005/04/04,"05, 15, 28, 29, 33, 40",26
2005/03/31,"20, 22, 28, 38, 41, 47",25
2005/03/28,"01, 02, 09, 25, 28, 44",42
2005/03/24,"07, 10, 23, 44, 45, 47",38
2005/03/21,"02, 05, 06, 19, 38, 45",01
2005/03/17,"07, 10, 12, 22, 30, 34",08
2005/03/14,"05, 12, 19, 21, 33, 42",09
2005/03/10,"01, 03, 16, 31, 42, 48",23
2005/03/07,"01, 06, 16, 34, 36, 40",38
2005/03/03,"25, 28, 31, 32, 34, 36",43
2005/02/28,"14, 21, 25, 27, 43, 47",05
2005/02/24,"02, 04, 36, 41, 42, 48",34
2005/02/21,"06, 11, 21, 22, 35, 41",27
2005/02/17,"12, 14, 21, 23, 25, 30",03
2005/02/14,"05, 07, 24, 26, 30, 47",36
2005/02/10,"19, 26, 28, 33, 38, 46",48
2005/02/07,"11, 31, 41, 44, 47, 49",25
2005/02/03,"07, 08, 19, 30, 43, 48",49
2005/01/31,"02, 17, 31, 35, 37, 46",03
2005/01/27,"03, 25, 39, 44, 45, 48",13
2005/01/24,"14, 17, 30, 31, 36, 47",28
2005/01/20,"01, 23, 26, 27, 33, 41",18
2005/01/17,"07, 14, 16, 38, 45, 49",25
2005/01/13,"01, 02, 15, 21, 31, 35",33
2005/01/10,"01, 03, 14, 17, 36, 49",10
2005/01/06,"06, 23, 39, 45, 46, 47",18
2005/01/03,"05, 10, 27, 37, 39, 46",08
2004/12/30,"03, 18, 33, 34, 43, 45",02
2004/12/27,"01, 08, 16, 22, 24, 30",14
2004/12/23,"03, 05, 18, 23, 40, 45",41
2004/12/20,"03, 04, 13, 26, 39, 42",18
2004/12/16,"02, 12, 18, 22, 34, 36",08
2004/12/13,"05, 15, 24, 37, 38, 39",06
2004/12/09,"16, 28, 35, 44, 46, 48",26
2004/12/06,"02, 08, 11, 12, 26, 35",47
2004/12/02,"05, 16, 23, 28, 38, 47",49
2004/11/29,"04, 12, 23, 30, 35, 48",46
2004/11/25,"03, 04, 09, 10, 27, 31",26
2004/11/22,"02, 14, 27, 28, 44, 49",30
2004/11/18,"07, 11, 20, 38, 39, 45",30
2004/11/15,"08, 11, 14, 17, 23, 33",30
2004/11/11,"09, 12, 17, 28, 40, 43",13
2004/11/08,"12, 24, 25, 27, 34, 36",39
2004/11/04,"23, 26, 31, 33, 36, 38",21
2004/11/01,"01, 10, 25, 28, 38, 49",23
2004/10/28,"10, 12, 13, 24, 31, 40",47
2004/10/25,"06, 13, 30, 34, 38, 44",48
2004/10/21,"03, 10, 20, 21, 24, 48",26
2004/10/18,"10, 21, 23, 25, 38, 42",33
2004/10/14,"04, 23, 36, 39, 45, 47",25
2004/10/11,"01, 07, 10, 32, 42, 45",26
2004/10/07,"03, 06, 19, 22, 31, 32",05
2004/10/04,"12, 15, 21, 23, 25, 35",24
2004/09/30,"07, 13, 15, 20, 22, 47",19
2004/09/27,"26, 27, 40, 41, 42, 43",28
2004/09/23,"01, 15, 16, 33, 35, 48",10
2004/09/20,"05, 06, 08, 09, 10, 43",13
2004/09/16,"07, 19, 26, 37, 38, 46",29
2004/09/13,"08, 10, 11, 21, 23, 44",42
2004/09/09,"07, 13, 14, 20, 21, 49",34
2004/09/06,"12, 25, 26, 31, 36, 42",29
2004/09/02,"09, 16, 18, 32, 41, 47",46
2004/08/30,"04, 22, 28, 29, 44, 47",32
2004/08/26,"14, 31, 34, 37, 42, 48",29
2004/08/23,"13, 29, 31, 38, 45, 46",43
2004/08/19,"10, 22, 31, 32, 41, 48",24
2004/08/16,"05, 06, 11, 16, 19, 42",10
2004/08/12,"11, 16, 27, 33, 34, 40",07
2004/08/09,"05, 17, 19, 26, 28, 43",25
2004/08/05,"13, 14, 21, 24, 27, 30",20
2004/08/02,"03, 11, 19, 21, 40, 42",14
2004/07/29,"20, 31, 33, 40, 42, 46",30
2004/07/26,"01, 15, 28, 38, 41, 42",24
2004/07/22,"11, 15, 24, 27, 37, 46",01
2004/07/19,"02, 03, 07, 26, 30, 49",06
2004/07/15,"02, 05, 32, 38, 42, 49",44
2004/07/12,"03, 04, 08, 25, 36, 42",32
2004/07/08,"04, 05, 07, 13, 24, 30",49
2004/07/05,"07, 19, 27, 31, 42, 46",39
2004/07/01,"06, 10, 11, 16, 29, 44",37
2004/06/28,"12, 17, 19, 22, 27, 42",48
2004/06/24,"11, 17, 29, 36, 44, 49",33
2004/06/21,"06, 09, 11, 17, 22, 36",44
2004/06/17,"05, 11, 30, 34, 44, 48",40
2004/06/14,"05, 12, 41, 43, 45, 46",33
2004/06/10,"02, 10, 16, 22, 30, 33",41
2004/06/07,"06, 15, 25, 37, 41, 49",03
2004/06/03,"01, 04, 31, 32, 34, 35",33
2004/05/31,"01, 17, 30, 31, 32, 45",33
2004/05/27,"06, 22, 27, 34, 42, 44",36
2004/05/24,"01, 16, 17, 30, 36, 49",44
2004/05/20,"06, 28, 30, 34, 43, 46",09
2004/05/17,"02, 04, 18, 20, 32, 49",30
2004/05/13,"04, 10, 11, 14, 32, 36",09
2004/05/10,"03, 04, 10, 23, 25, 26",33
2004/05/06,"06, 27, 40, 44, 45, 47",11
2004/05/03,"03, 09, 13, 28, 40, 48",39
2004/04/29,"01, 10, 13, 33, 34, 46",07
2004/04/26,"22, 25, 29, 31, 34, 46",49
2004/04/22,"03, 11, 19, 20, 22, 28",13
2004/04/19,"13, 17, 19, 26, 39, 45",11
2004/04/15,"13, 14, 20, 30, 37, 45",01
2004/04/12,"24, 25, 26, 30, 36, 48",45
2004/04/08,"05, 14, 26, 38, 41, 43",04
2004/04/05,"16, 24, 25, 26, 39, 44",30
2004/04/01,"03, 07, 42, 45, 46, 49",08
2004/03/29,"11, 13, 15, 21, 35, 38",37
2004/03/25,"11, 17, 21, 36, 43, 49",05
2004/03/22,"02, 12, 14, 30, 41, 46",29
2004/03/18,"06, 16, 20, 25, 33, 46",12
2004/03/15,"01, 02, 07, 26, 38, 43",04
2004/03/11,"08, 14, 21, 22, 30, 31",48
2004/03/08,"08, 12, 17, 18, 19, 34",37
2004/03/04,"12, 15, 22, 23, 41, 48",17
2004/03/01,"01, 11, 17, 25, 41, 45",32
2004/02/26,"08, 12, 23, 24, 45, 46",36
2004/02/23,"03, 06, 17, 23, 28, 32",45
2004/02/19,"04, 21, 25, 32, 37, 43",02
2004/02/16,"07, 13, 18, 19, 25, 37",14
2004/02/12,"01, 02, 26, 31, 39, 40",38
2004/02/09,"14, 17, 20, 25, 43, 48",15
2004/02/05,"17, 22, 26, 29, 37, 43",31
2004/02/02,"04, 06, 11, 22, 42, 48",23
2004/01/29,"22, 29, 34, 36, 44, 46",37
2004/01/26,"02, 06, 13, 34, 40, 44",14
2004/01/22,"13, 28, 29, 32, 33, 34",43
2004/01/19,"14, 15, 20, 29, 32, 39",43
2004/01/15,"18, 19, 28, 29, 30, 34",12
2004/01/12,"02, 04, 25, 26, 34, 43",41
2004/01/08,"16, 21, 27, 30, 31, 47",35
2004/01/05,"06, 09, 12, 13, 33, 39",21
